Date,Raw_Close,Adj_Close,Daily_Return_Pct,Cum_Return_Pct
2016-04-06,22.07,14.3,,0.0
2016-04-07,21.96,14.23,-0.5,-0.5
2016-04-08,22.21,14.4,1.1725,0.67
2016-04-11,22.21,14.4,0.0,0.67
2016-04-12,22.43,14.54,0.9934,1.67
2016-04-13,23.24,15.06,3.6066,5.33
2016-04-14,24.27,15.73,4.4304,10.0
2016-04-15,24.68,15.99,1.6667,11.83
2016-04-18,24.97,16.18,1.1922,13.17
2016-04-19,24.64,15.97,-1.3255,11.67
2016-04-20,24.16,15.66,-1.9403,9.5
2016-04-21,24.64,15.97,1.9787,11.67
2016-04-22,24.35,15.78,-1.194,10.33
2016-04-25,24.42,15.83,0.3021,10.67
2016-04-26,24.24,15.71,-0.753,9.83
2016-04-27,24.27,15.73,0.1517,10.0
2016-04-28,24.46,15.85,0.7576,10.83
2016-04-29,24.2,15.68,-1.0526,9.67
2016-05-03,24.02,15.56,-0.7599,8.83
2016-05-04,22.8,14.78,-5.0536,3.33
2016-05-05,22.66,14.68,-0.6452,2.67
2016-05-06,22.58,14.63,-0.3246,2.33
2016-05-09,22.07,14.3,-2.2802,0.0
2016-05-10,22.21,14.4,0.6667,0.67
2016-05-11,21.81,14.13,-1.8212,-1.17
2016-05-12,21.85,14.16,0.1686,-1.0
2016-05-13,21.33,13.82,-2.3569,-3.33
2016-05-16,21.04,13.63,-1.3793,-4.67
2016-05-17,21.33,13.82,1.3986,-3.33
2016-05-18,20.96,13.59,-1.7241,-5.0
2016-05-19,20.38,13.2,-2.807,-7.67
2016-05-20,20.82,13.49,2.1661,-5.67
2016-05-23,21.18,13.73,1.7668,-4.0
2016-05-24,21.26,13.78,0.3472,-3.67
2016-05-25,21.52,13.94,1.2111,-2.5
2016-05-26,21.55,13.97,0.1709,-2.33
2016-05-27,21.66,14.04,0.5119,-1.83
2016-05-30,21.81,14.13,0.6791,-1.17
2016-05-31,22.1,14.32,1.3491,0.17
2016-06-01,21.99,14.25,-0.4992,-0.33
2016-06-02,22.07,14.3,0.3344,0.0
2016-06-03,22.58,14.63,2.3334,2.33
2016-06-06,22.03,14.28,-2.443,-0.17
2016-06-07,23.02,14.92,4.5075,4.33
2016-06-08,23.24,15.06,0.9585,5.33
2016-06-13,23.17,15.02,-0.3164,5.0
2016-06-14,23.02,14.92,-0.635,4.33
2016-06-15,23.69,15.35,2.8754,7.33
2016-06-16,22.54,14.61,-4.8137,2.17
2016-06-17,23.46,15.21,4.0783,6.33
2016-06-20,23.69,15.35,0.9404,7.33
2016-06-21,23.91,15.49,0.9317,8.33
2016-06-22,24.09,15.61,0.7692,9.17
2016-06-23,23.5,15.23,-2.4427,6.5
2016-06-24,23.17,15.02,-1.4084,5.0
2016-06-27,23.17,15.02,0.0,5.0
2016-06-28,23.43,15.18,1.1111,6.17
2016-06-29,23.17,15.02,-1.0989,5.0
2016-06-30,23.57,15.28,1.746,6.83
2016-07-01,24.02,15.56,1.8721,8.83
2016-07-04,24.75,16.04,3.0628,12.17
2016-07-05,24.97,16.18,0.8915,13.17
2016-07-06,24.35,15.78,-2.5037,10.33
2016-07-07,25.08,16.26,3.0211,13.67
2016-07-08,25.08,16.26,0.0,13.67
2016-07-11,25.82,16.73,2.9326,17.0
2016-07-12,25.6,16.59,-0.8547,16.0
2016-07-13,25.74,16.68,0.5747,16.67
2016-07-14,25.78,16.71,0.1428,16.83
2016-07-15,25.93,16.8,0.5706,17.5
2016-07-18,26.11,16.92,0.7092,18.33
2016-07-19,26.19,16.97,0.2817,18.67
2016-07-20,25.97,16.83,-0.8427,17.67
2016-07-21,26.11,16.92,0.5666,18.33
2016-07-22,25.63,16.61,-1.831,16.17
2016-07-25,25.08,16.9,1.7303,18.18
2016-07-26,24.83,16.73,-1.0264,16.96
2016-07-27,25.05,16.88,0.8889,18.0
2016-07-28,25.08,16.9,0.1469,18.18
2016-07-29,24.94,16.8,-0.5865,17.48
2016-08-01,24.94,16.8,0.0,17.48
2016-08-02,25.3,17.05,1.4749,19.22
2016-08-03,25.67,17.3,1.4535,20.95
2016-08-04,25.38,17.1,-1.1461,19.56
2016-08-05,25.67,17.3,1.1594,20.95
2016-08-08,25.74,17.35,0.2865,21.3
2016-08-09,25.74,17.35,0.0,21.3
2016-08-10,25.78,17.37,0.1428,21.47
2016-08-11,25.74,17.35,-0.1426,21.3
2016-08-12,25.74,17.35,0.0,21.3
2016-08-15,25.74,17.35,0.0,21.3
2016-08-16,25.63,17.27,-0.4286,20.78
2016-08-17,25.16,16.95,-1.8651,18.52
2016-08-18,25.82,17.4,2.6316,21.64
2016-08-19,27.03,18.21,4.7008,27.36
2016-08-22,27.55,18.56,1.9048,29.79
2016-08-23,27.62,18.61,0.267,30.13
2016-08-24,27.55,18.56,-0.2663,29.79
2016-08-25,27.73,18.68,0.6676,30.65
2016-08-26,27.55,18.56,-0.6631,29.79
2016-08-29,27.03,18.21,-1.8692,27.36
2016-08-30,26.59,17.92,-1.6326,25.28
2016-08-31,26.66,17.97,0.2766,25.63
2016-09-01,25.93,17.47,-2.7586,22.16
2016-09-02,26.19,17.64,0.9929,23.38
2016-09-05,26.77,18.04,2.2472,26.15
2016-09-06,27.47,18.51,2.6099,29.44
2016-09-07,27.51,18.54,0.1338,29.61
2016-09-08,26.88,18.11,-2.2727,26.67
2016-09-09,26.3,17.72,-2.1888,23.89
2016-09-12,25.6,17.25,-2.6573,20.6
2016-09-13,25.3,17.05,-1.1494,19.22
2016-09-14,25.19,16.97,-0.436,18.7
2016-09-19,25.34,17.07,0.5839,19.39
2016-09-20,25.38,17.1,0.1451,19.56
2016-09-21,26.59,17.92,4.7826,25.28
2016-09-22,26.22,17.67,-1.3831,23.55
2016-09-23,26.44,17.82,0.8415,24.59
2016-09-26,26.52,17.87,0.2782,24.93
2016-09-27,26.52,17.87,0.0,24.93
2016-09-28,26.52,17.87,0.0,24.93
2016-09-29,26.96,18.16,1.6644,27.01
2016-09-30,26.33,17.74,-2.3193,24.07
2016-10-03,26.3,17.72,-0.1397,23.89
2016-10-04,26.44,17.82,0.5594,24.59
2016-10-05,26.77,18.04,1.2517,26.15
2016-10-06,26.92,18.14,0.5495,26.84
2016-10-07,26.96,18.16,0.1366,27.01
2016-10-11,26.52,17.87,-1.6371,24.93
2016-10-12,26.52,17.87,0.0,24.93
2016-10-13,25.74,17.35,-2.9126,21.3
2016-10-14,26.37,17.77,2.4286,24.24
2016-10-17,26.52,17.87,0.5579,24.93
2016-10-18,26.77,18.04,0.9709,26.15
2016-10-19,27.47,18.51,2.6099,29.44
2016-10-20,27.14,18.29,-1.2048,27.88
2016-10-21,27.0,18.19,-0.542,27.19
2016-10-24,27.22,18.34,0.8174,28.23
2016-10-25,27.55,18.56,1.2162,29.79
2016-10-26,27.62,18.61,0.267,30.13
2016-10-27,27.62,18.61,0.0,30.13
2016-10-28,27.8,18.73,0.6658,31.0
2016-10-31,27.84,18.76,0.1323,31.17
2016-11-01,27.47,18.51,-1.321,29.44
2016-11-02,26.66,17.97,-2.9451,25.63
2016-11-03,26.41,17.79,-0.9655,24.41
2016-11-04,26.52,17.87,0.4178,24.93
2016-11-07,27.29,18.39,2.9126,28.57
2016-11-08,27.58,18.59,1.0782,29.96
2016-11-09,26.7,17.99,-3.2,25.8
2016-11-10,28.06,18.91,5.0964,32.21
2016-11-11,27.58,18.59,-1.7038,29.96
2016-11-14,27.25,18.36,-1.2,28.4
2016-11-15,27.0,18.19,-0.9447,27.19
2016-11-16,26.88,18.11,-0.4087,26.67
2016-11-17,26.63,17.94,-0.9576,25.45
2016-11-18,26.37,17.77,-0.9669,24.24
2016-11-21,27.07,18.24,2.6499,27.53
2016-11-22,27.29,18.39,0.8152,28.57
2016-11-23,27.33,18.41,0.1348,28.75
2016-11-24,27.03,18.21,-1.0767,27.36
2016-11-25,27.03,18.21,0.0,27.36
2016-11-28,27.22,18.34,0.6803,28.23
2016-11-29,26.92,18.14,-1.0811,26.84
2016-11-30,27.11,18.26,0.6831,27.71
2016-12-01,27.29,18.39,0.6784,28.57
2016-12-02,27.29,18.39,0.0,28.57
2016-12-05,27.0,18.19,-1.0782,27.19
2016-12-06,27.18,18.31,0.6812,28.05
2016-12-07,27.25,18.36,0.2706,28.4
2016-12-08,27.95,18.83,2.5641,31.69
2016-12-09,27.91,18.81,-0.1316,31.52
2016-12-12,27.88,18.78,-0.1317,31.35
2016-12-13,27.84,18.76,-0.132,31.17
2016-12-14,27.73,18.68,-0.3963,30.65
2016-12-15,27.25,18.36,-1.7241,28.4
2016-12-16,26.96,18.16,-1.0796,27.01
2016-12-19,26.48,17.84,-1.7735,24.76
2016-12-20,26.66,17.97,0.6944,25.63
2016-12-21,26.41,17.79,-0.9655,24.41
2016-12-22,25.74,17.35,-2.507,21.3
2016-12-23,25.27,17.02,-1.8571,19.04
2016-12-26,25.19,16.97,-0.2911,18.7
2016-12-27,25.08,16.9,-0.438,18.18
2016-12-28,25.38,17.1,1.173,19.56
2016-12-29,25.16,16.95,-0.8696,18.52
2016-12-30,25.85,17.42,2.7778,21.82
2017-01-03,25.85,17.42,0.0,21.82
2017-01-04,25.93,17.47,0.2845,22.16
2017-01-05,25.93,17.47,0.0,22.16
2017-01-06,25.93,17.47,0.0,22.16
2017-01-09,25.67,17.3,-0.9929,20.95
2017-01-10,25.71,17.32,0.1433,21.12
2017-01-11,26.33,17.74,2.432,24.07
2017-01-12,26.7,17.99,1.3966,25.8
2017-01-13,26.48,17.84,-0.8264,24.76
2017-01-16,26.33,17.74,-0.5556,24.07
2017-01-17,26.15,17.62,-0.6983,23.2
2017-01-18,26.08,17.57,-0.2813,22.86
2017-01-19,25.49,17.17,-2.2567,20.08
2017-01-20,25.71,17.32,0.8658,21.12
2017-01-23,26.3,17.72,2.289,23.89
2017-01-24,26.04,17.54,-0.979,22.68
2017-02-02,25.97,17.5,-0.2825,22.34
2017-02-03,26.48,17.84,1.983,24.76
2017-02-06,26.19,17.64,-1.1111,23.38
2017-02-07,25.93,17.47,-0.9831,22.16
2017-02-08,25.89,17.45,-0.1419,21.99
2017-02-09,26.7,17.99,3.125,25.8
2017-02-10,28.1,18.93,5.2342,32.39
2017-02-13,27.95,18.83,-0.5236,31.69
2017-02-14,27.8,18.73,-0.5263,31.0
2017-02-15,27.99,18.86,0.6614,31.87
2017-02-16,27.69,18.66,-1.0512,30.48
2017-02-17,27.58,18.59,-0.3984,29.96
2017-02-20,26.92,18.14,-2.4,26.84
2017-02-21,27.25,18.36,1.2295,28.4
2017-02-22,28.1,18.93,3.1039,32.39
2017-02-23,27.95,18.83,-0.5236,31.69
2017-02-24,27.69,18.66,-0.9211,30.48
2017-03-01,27.73,18.68,0.1328,30.65
2017-03-02,28.06,18.91,1.1936,32.21
2017-03-03,27.95,18.83,-0.3932,31.69
2017-03-06,27.8,18.73,-0.5263,31.0
2017-03-07,28.1,18.93,1.0582,32.39
2017-03-08,28.06,18.91,-0.1309,32.21
2017-03-09,27.58,18.59,-1.7038,29.96
2017-03-10,27.22,18.34,-1.3333,28.23
2017-03-13,27.66,18.63,1.6216,30.31
2017-03-14,27.8,18.73,0.5319,31.0
2017-03-15,28.1,18.93,1.0582,32.39
2017-03-16,27.95,18.83,-0.5236,31.69
2017-03-17,28.1,18.93,0.5263,32.39
2017-03-20,28.06,18.91,-0.1309,32.21
2017-03-21,28.25,19.03,0.6553,33.08
2017-03-22,27.88,18.78,-1.3021,31.35
2017-03-23,27.95,18.83,0.2638,31.69
2017-03-24,27.95,18.83,0.0,31.69
2017-03-27,27.77,18.71,-0.6579,30.83
2017-03-28,27.33,18.41,-1.5894,28.75
2017-03-29,27.73,18.68,1.4805,30.65
2017-03-30,27.11,18.26,-2.2546,27.71
2017-03-31,26.7,17.99,-1.4926,25.8
2017-04-05,27.25,18.36,2.0661,28.4
2017-04-06,27.44,18.49,0.6748,29.27
2017-04-07,27.33,18.41,-0.4022,28.75
2017-04-10,27.22,18.34,-0.4038,28.23
2017-04-11,27.14,18.29,-0.2703,27.88
2017-04-12,27.11,18.26,-0.1355,27.71
2017-04-13,27.03,18.21,-0.2714,27.36
2017-04-14,26.85,18.09,-0.6803,26.49
2017-04-17,26.85,18.09,0.0,26.49
2017-04-18,26.81,18.06,-0.137,26.32
2017-04-19,26.81,18.06,0.0,26.32
2017-04-20,26.81,18.06,0.0,26.32
2017-04-21,26.19,17.64,-2.332,23.38
2017-04-24,26.66,17.97,1.8258,25.63
2017-04-25,26.15,17.62,-1.931,23.2
2017-04-26,26.22,17.67,0.2813,23.55
2017-04-27,25.97,17.5,-0.9817,22.34
2017-04-28,25.82,17.4,-0.5666,21.64
2017-05-02,25.89,17.45,0.2849,21.99
2017-05-03,25.89,17.45,0.0,21.99
2017-05-04,25.93,17.47,0.1421,22.16
2017-05-05,25.52,17.2,-1.5603,20.26
2017-05-08,25.41,17.12,-0.4323,19.74
2017-05-09,25.49,17.17,0.2894,20.08
2017-05-10,25.56,17.22,0.2886,20.43
2017-05-11,25.41,17.12,-0.5755,19.74
2017-05-12,25.05,16.88,-1.4472,18.0
2017-05-15,25.45,17.15,1.6153,19.91
2017-05-16,25.82,17.4,1.4451,21.64
2017-05-17,25.6,17.25,-0.8547,20.6
2017-05-18,25.56,17.22,-0.1437,20.43
2017-05-19,25.38,17.1,-0.7194,19.56
2017-05-22,25.45,17.15,0.2899,19.91
2017-05-23,25.23,17.0,-0.867,18.87
2017-05-24,25.38,17.1,0.5831,19.56
2017-05-25,25.6,17.25,0.8696,20.6
2017-05-26,25.49,17.17,-0.431,20.08
2017-05-31,25.3,17.05,-0.7215,19.22
2017-06-01,25.27,17.02,-0.1453,19.04
2017-06-02,25.45,17.15,0.7278,19.91
2017-06-05,25.41,17.12,-0.1445,19.74
2017-06-06,25.3,17.05,-0.4342,19.22
2017-06-07,25.27,17.02,-0.1453,19.04
2017-06-08,25.27,17.02,0.0,19.04
2017-06-09,25.45,17.15,0.7278,19.91
2017-06-12,25.08,16.9,-1.4451,18.18
2017-06-13,25.16,16.95,0.2933,18.52
2017-06-14,25.19,16.97,0.1462,18.7
2017-06-15,25.01,16.85,-0.7299,17.83
2017-06-16,24.9,16.78,-0.4412,17.31
2017-06-19,24.94,16.8,0.1477,17.48
2017-06-20,25.34,17.07,1.6224,19.39
2017-06-21,25.6,17.25,1.016,20.6
2017-06-22,25.67,17.3,0.2873,20.95
2017-06-23,25.67,17.3,0.0,20.95
2017-06-26,25.74,17.35,0.2865,21.3
2017-06-27,25.56,17.22,-0.7143,20.43
2017-06-28,25.82,17.4,1.0072,21.64
2017-06-29,25.82,17.4,0.0,21.64
2017-06-30,25.89,17.45,0.2849,21.99
2017-07-03,26.08,17.57,0.7102,22.86
2017-07-04,26.08,17.57,0.0,22.86
2017-07-05,26.19,17.64,0.4231,23.38
2017-07-06,26.08,17.57,-0.4213,22.86
2017-07-07,25.89,17.45,-0.7052,21.99
2017-07-10,25.74,17.35,-0.5682,21.3
2017-07-11,25.85,17.42,0.4286,21.82
2017-07-12,25.71,17.32,-0.569,21.12
2017-07-13,25.82,17.4,0.4292,21.64
2017-07-14,26.11,17.59,1.1396,23.03
2017-07-17,26.33,17.74,0.8451,24.07
2017-07-18,26.41,17.79,0.2793,24.41
2017-07-19,26.59,17.92,0.6964,25.28
2017-07-20,26.63,17.94,0.1383,25.45
2017-07-21,26.55,17.89,-0.2763,25.11
2017-07-24,26.48,17.84,-0.277,24.76
2017-07-25,25.41,17.84,0.0,24.76
2017-07-26,25.38,17.82,-0.1447,24.58
2017-07-27,25.89,18.18,2.029,27.11
2017-07-28,25.89,18.18,0.0,27.11
2017-07-31,25.74,18.07,-0.5682,26.39
2017-08-01,25.74,18.07,0.0,26.39
2017-08-02,25.82,18.13,0.2857,26.75
2017-08-03,25.67,18.02,-0.5698,26.03
2017-08-04,25.6,17.97,-0.2865,25.66
2017-08-07,25.74,18.07,0.5747,26.39
2017-08-08,25.82,18.13,0.2857,26.75
2017-08-09,25.56,17.95,-0.9972,25.48
2017-08-10,25.3,17.76,-1.0072,24.22
2017-08-11,25.08,17.61,-0.8721,23.14
2017-08-14,25.41,17.84,1.3196,24.76
2017-08-15,25.19,17.69,-0.8683,23.68
2017-08-16,25.27,17.74,0.292,24.04
2017-08-17,25.19,17.69,-0.2911,23.68
2017-08-18,25.19,17.69,0.0,23.68
2017-08-21,25.08,17.61,-0.4379,23.14
2017-08-22,25.19,17.69,0.4399,23.68
2017-08-23,25.34,17.79,0.5839,24.4
2017-08-24,25.52,17.92,0.7257,25.3
2017-08-25,25.63,18.0,0.4323,25.84
2017-08-28,25.6,17.97,-0.1435,25.66
2017-08-29,25.52,17.92,-0.2874,25.3
2017-08-30,25.56,17.95,0.1441,25.48
2017-08-31,25.63,18.0,0.2878,25.84
2017-09-01,25.49,17.89,-0.5739,25.12
2017-09-04,25.34,17.79,-0.5772,24.4
2017-09-05,25.19,17.69,-0.5806,23.68
2017-09-06,25.08,17.61,-0.4379,23.14
2017-09-07,24.86,17.45,-0.8798,22.05
2017-09-08,25.05,17.58,0.7396,22.96
2017-09-11,24.97,17.53,-0.2937,22.59
2017-09-12,24.9,17.48,-0.2945,22.23
2017-09-13,24.83,17.43,-0.2954,21.87
2017-09-14,24.79,17.4,-0.1482,21.69
2017-09-15,24.86,17.45,0.2967,22.05
2017-09-18,25.23,17.71,1.4793,23.86
2017-09-19,24.97,17.53,-1.0204,22.59
2017-09-20,24.94,17.51,-0.1473,22.41
2017-09-21,24.86,17.45,-0.295,22.05
2017-09-22,24.94,17.51,0.2958,22.41
2017-09-25,25.05,17.58,0.4425,22.96
2017-09-26,25.01,17.56,-0.1468,22.78
2017-09-27,24.97,17.53,-0.1471,22.59
2017-09-28,24.86,17.45,-0.4418,22.05
2017-09-29,24.86,17.45,0.0,22.05
2017-10-02,24.75,17.38,-0.4438,21.51
2017-10-03,24.79,17.4,0.1486,21.69
2017-10-05,24.86,17.45,0.2967,22.05
2017-10-06,24.83,17.43,-0.1479,21.87
2017-10-11,25.01,17.56,0.7407,22.78
2017-10-12,24.94,17.51,-0.2941,22.41
2017-10-13,24.83,17.43,-0.4425,21.87
2017-10-16,24.9,17.48,0.2963,22.23
2017-10-17,24.94,17.51,0.1477,22.41
2017-10-18,24.86,17.45,-0.295,22.05
2017-10-19,24.83,17.43,-0.1479,21.87
2017-10-20,24.94,17.51,0.4444,22.41
2017-10-23,24.86,17.45,-0.295,22.05
2017-10-24,24.68,17.33,-0.7396,21.15
2017-10-25,24.64,17.3,-0.149,20.97
2017-10-26,24.6,17.27,-0.1493,20.79
2017-10-27,24.6,17.27,0.0,20.79
2017-10-30,24.6,17.27,0.0,20.79
2017-10-31,24.64,17.3,0.1495,20.97
2017-11-01,24.71,17.35,0.2985,21.33
2017-11-02,24.71,17.35,0.0,21.33
2017-11-03,24.79,17.4,0.2976,21.69
2017-11-06,24.79,17.4,0.0,21.69
2017-11-07,24.57,17.25,-0.8902,20.61
2017-11-08,24.64,17.3,0.2994,20.97
2017-11-09,24.64,17.3,0.0,20.97
2017-11-10,24.68,17.33,0.1492,21.15
2017-11-13,24.75,17.38,0.2981,21.51
2017-11-14,24.75,17.38,0.0,21.51
2017-11-15,25.52,17.92,3.1203,25.3
2017-11-16,25.23,17.71,-1.1527,23.86
2017-11-17,25.49,17.89,1.0204,25.12
2017-11-20,25.16,17.66,-1.2987,23.5
2017-11-21,25.27,17.74,0.4386,24.04
2017-11-22,25.52,17.92,1.0189,25.3
2017-11-23,25.38,17.82,-0.5763,24.58
2017-11-24,25.41,17.84,0.1449,24.76
2017-11-27,25.3,17.76,-0.4342,24.22
2017-11-28,24.71,17.35,-2.3256,21.33
2017-11-29,24.94,17.51,0.8929,22.41
2017-11-30,24.68,17.33,-1.0324,21.15
2017-12-01,24.79,17.4,0.4471,21.69
2017-12-04,24.97,17.53,0.7418,22.59
2017-12-05,24.97,17.53,0.0,22.59
2017-12-06,24.86,17.45,-0.4418,22.05
2017-12-07,24.94,17.51,0.2958,22.41
2017-12-08,24.86,17.45,-0.295,22.05
2017-12-11,25.08,17.61,0.8876,23.14
2017-12-12,24.94,17.51,-0.5865,22.41
2017-12-13,25.08,17.61,0.59,23.14
2017-12-14,25.08,17.61,0.0,23.14
2017-12-15,25.01,17.56,-0.2933,22.78
2017-12-18,25.08,17.61,0.2941,23.14
2017-12-19,25.34,17.79,1.0264,24.4
2017-12-20,25.41,17.84,0.2903,24.76
2017-12-21,25.41,17.84,0.0,24.76
2017-12-22,25.85,18.15,1.7366,26.93
2017-12-25,26.59,18.67,2.845,30.54
2017-12-26,26.77,18.8,0.6916,31.44
2017-12-27,26.63,18.69,-0.5494,30.72
2017-12-28,26.63,18.69,0.0,30.72
2017-12-29,26.81,18.82,0.6906,31.62
2018-01-02,26.88,18.87,0.2744,31.98
2018-01-03,27.47,19.29,2.1888,34.87
2018-01-04,27.36,19.21,-0.4016,34.33
2018-01-05,27.44,19.26,0.2688,34.69
2018-01-08,28.1,19.73,2.4129,37.94
2018-01-09,28.17,19.78,0.2618,38.3
2018-01-10,28.28,19.86,0.3916,38.84
2018-01-11,27.58,19.37,-2.4707,35.41
2018-01-12,27.66,19.42,0.2667,35.78
2018-01-15,27.84,19.55,0.6649,36.68
2018-01-16,28.02,19.68,0.6605,37.58
2018-01-17,28.32,19.88,1.0499,39.02
2018-01-18,27.84,19.55,-1.6883,36.68
2018-01-19,27.88,19.57,0.1321,36.86
2018-01-22,27.84,19.55,-0.1319,36.68
2018-01-23,27.44,19.26,-1.4531,34.69
2018-01-24,27.44,19.26,0.0,34.69
2018-01-25,27.66,19.42,0.8043,35.78
2018-01-26,28.1,19.73,1.5957,37.94
2018-01-29,27.91,19.6,-0.6545,37.04
2018-01-30,27.88,19.57,-0.1317,36.86
2018-01-31,27.69,19.44,-0.6596,35.96
2018-02-01,27.88,19.57,0.664,36.86
2018-02-02,27.88,19.57,0.0,36.86
2018-02-05,27.8,19.52,-0.2639,36.5
2018-02-06,26.11,18.33,-6.0846,28.19
2018-02-07,26.77,18.8,2.5352,31.44
2018-02-08,27.03,18.98,0.9615,32.71
2018-02-09,26.19,18.38,-3.1292,28.55
2018-02-12,26.44,18.56,0.9831,29.82
2018-02-21,27.36,19.21,3.4771,34.33
2018-02-22,26.85,18.85,-1.8817,31.8
2018-02-23,27.11,19.03,0.9589,33.07
2018-02-26,26.88,18.87,-0.8141,31.98
2018-02-27,27.22,19.11,1.2312,33.61
2018-03-01,27.22,19.11,0.0,33.61
2018-03-02,27.14,19.06,-0.2703,33.25
2018-03-05,26.7,18.75,-1.626,31.08
2018-03-06,26.85,18.85,0.551,31.8
2018-03-07,26.77,18.8,-0.274,31.44
2018-03-08,26.77,18.8,0.0,31.44
2018-03-09,26.96,18.93,0.6868,32.34
2018-03-12,27.36,19.21,1.5007,34.33
2018-03-13,27.58,19.37,0.8064,35.41
2018-03-14,27.58,19.37,0.0,35.41
2018-03-15,27.66,19.42,0.2667,35.78
2018-03-16,27.66,19.42,0.0,35.78
2018-03-19,27.62,19.39,-0.133,35.59
2018-03-20,27.47,19.29,-0.5326,34.87
2018-03-21,27.47,19.29,0.0,34.87
2018-03-22,27.62,19.39,0.5355,35.59
2018-03-23,27.22,19.11,-1.4647,33.61
2018-03-26,26.92,18.9,-1.0811,32.16
2018-03-27,27.33,19.18,1.5027,34.15
2018-03-28,27.22,19.11,-0.4038,33.61
2018-03-29,26.88,18.87,-1.2162,31.98
2018-03-30,26.92,18.9,0.1368,32.16
2018-04-02,26.96,18.93,0.1366,32.34
2018-04-03,27.18,19.08,0.8186,33.43
2018-04-09,27.47,19.29,1.0825,34.87
2018-04-10,28.1,19.73,2.2758,37.94
2018-04-11,28.28,19.86,0.6544,38.84
2018-04-12,28.02,19.68,-0.9103,37.58
2018-04-13,28.1,19.73,0.2625,37.94
2018-04-16,28.14,19.75,0.1309,38.12
2018-04-17,27.95,19.62,-0.6536,37.22
2018-04-18,28.1,19.73,0.5263,37.94
2018-04-19,28.69,20.14,2.0942,40.83
2018-04-20,28.5,20.01,-0.641,39.93
2018-04-23,28.61,20.09,0.3871,40.47
2018-04-24,30.05,21.1,5.0128,47.51
2018-04-25,29.57,20.76,-1.5912,45.16
2018-04-26,29.79,20.91,0.7463,46.25
2018-04-27,29.64,20.81,-0.4938,45.52
2018-04-30,30.05,21.1,1.3648,47.51
2018-05-02,30.05,21.1,0.0,47.51
2018-05-03,28.98,20.35,-3.5496,42.27
2018-05-04,29.09,20.42,0.3807,42.82
2018-05-07,29.72,20.86,2.1492,45.89
2018-05-08,30.01,21.07,0.9901,47.33
2018-05-09,29.86,20.97,-0.4902,46.61
2018-05-10,30.23,21.22,1.2315,48.41
2018-05-11,30.34,21.3,0.365,48.96
2018-05-14,31.74,22.28,4.606,55.82
2018-05-15,32.0,22.46,0.8111,57.08
2018-05-16,33.76,23.7,5.5173,65.75
2018-05-17,33.58,23.57,-0.5447,64.84
2018-05-18,33.5,23.52,-0.2191,64.48
2018-05-21,33.84,23.75,0.9879,66.11
2018-05-22,33.54,23.55,-0.8696,64.66
2018-05-23,32.44,22.77,-3.2895,59.25
2018-05-24,32.92,23.11,1.4739,61.59
2018-05-25,32.29,22.67,-1.8994,58.52
2018-05-28,32.33,22.7,0.1139,58.71
2018-05-29,31.92,22.41,-1.2514,56.72
2018-05-30,32.18,22.59,0.8064,57.98
2018-05-31,32.07,22.52,-0.3428,57.44
2018-06-01,32.18,22.59,0.344,57.98
2018-06-04,33.58,23.57,4.3429,64.84
2018-06-05,33.25,23.34,-0.9858,63.22
2018-06-06,32.95,23.14,-0.885,61.77
2018-06-07,32.92,23.11,-0.1116,61.59
2018-06-08,33.1,23.24,0.5587,62.5
2018-06-11,32.81,23.03,-0.8889,61.05
2018-06-12,32.73,22.98,-0.2242,60.69
2018-06-13,33.43,23.47,2.1348,64.12
2018-06-14,33.03,23.19,-1.2101,62.14
2018-06-15,33.28,23.37,0.7795,63.4
2018-06-19,32.25,22.64,-3.0939,58.34
2018-06-20,32.92,23.11,2.0524,61.59
2018-06-21,32.92,23.11,0.0,61.59
2018-06-22,32.81,23.03,-0.3352,61.05
2018-06-25,32.88,23.08,0.2242,61.41
2018-06-26,32.14,22.57,-2.2371,57.8
2018-06-27,31.63,22.21,-1.6018,55.27
2018-06-28,31.19,21.9,-1.3954,53.11
2018-06-29,31.15,21.87,-0.1179,52.93
2018-07-02,30.78,21.61,-1.1806,51.12
2018-07-03,31.45,22.08,2.1505,54.37
2018-07-04,30.89,21.69,-1.7544,51.66
2018-07-05,30.93,21.72,0.119,51.84
2018-07-06,30.6,21.48,-1.0702,50.22
2018-07-09,31.45,22.08,2.7644,54.37
2018-07-10,31.81,22.33,1.1696,56.18
2018-07-11,31.0,21.77,-2.5434,52.21
2018-07-12,31.41,22.05,1.3049,54.19
2018-07-13,32.0,22.46,1.8735,57.08
2018-07-16,31.26,21.95,-2.2988,53.47
2018-07-17,31.0,21.77,-0.8235,52.21
2018-07-18,31.08,21.82,0.2372,52.57
2018-07-19,31.45,22.08,1.1834,54.37
2018-07-20,31.11,21.84,-1.0526,52.75
2018-07-23,31.37,22.02,0.8274,54.01
2018-07-24,33.47,23.5,6.6823,64.3
2018-07-25,33.17,23.29,-0.8791,62.86
2018-07-26,32.77,23.88,2.5317,66.98
2018-07-27,32.61,23.76,-0.4938,66.16
2018-07-30,32.93,24.0,0.9925,67.81
2018-07-31,31.84,23.2,-3.317,62.24
2018-08-01,33.21,24.2,4.3202,69.25
2018-08-02,32.85,23.94,-1.0962,67.39
2018-08-03,32.73,23.85,-0.3695,66.77
2018-08-06,32.65,23.79,-0.2472,66.36
2018-08-07,32.49,23.67,-0.4957,65.54
2018-08-08,32.85,23.94,1.1208,67.39
2018-08-09,32.77,23.88,-0.2463,66.98
2018-08-10,33.58,24.47,2.4691,71.1
2018-08-13,34.1,24.85,1.5663,73.78
2018-08-14,35.03,25.53,2.7284,78.53
2018-08-15,34.27,24.97,-2.194,74.61
2018-08-16,33.98,24.76,-0.8264,73.17
2018-08-17,34.02,24.79,0.119,73.37
2018-08-20,33.98,24.76,-0.1189,73.17
2018-08-21,34.71,25.29,2.1428,76.88
2018-08-22,34.75,25.32,0.1166,77.08
2018-08-23,34.87,25.41,0.3492,77.7
2018-08-24,34.63,25.24,-0.6961,76.46
2018-08-27,35.03,25.53,1.1682,78.53
2018-08-28,35.03,25.53,0.0,78.53
2018-08-29,35.12,25.59,0.2309,78.94
2018-08-30,33.98,24.76,-3.2258,73.17
2018-08-31,34.27,24.97,0.8333,74.61
2018-09-03,33.46,24.38,-2.3613,70.49
2018-09-04,34.06,24.82,1.8138,73.58
2018-09-05,33.62,24.5,-1.3064,71.31
2018-09-06,33.82,24.65,0.6017,72.34
2018-09-07,33.42,24.35,-1.1962,70.28
2018-09-10,30.71,22.38,-8.1114,56.47
2018-09-11,30.75,22.41,0.1318,56.67
2018-09-12,31.19,22.73,1.4474,58.94
2018-09-13,31.64,23.05,1.4267,61.21
2018-09-14,32.08,23.38,1.4067,63.48
2018-09-17,31.8,23.17,-0.8827,62.03
2018-09-18,32.12,23.41,1.0178,63.68
2018-09-19,32.49,23.67,1.1335,65.54
2018-09-20,32.45,23.64,-0.1245,65.33
2018-09-21,32.69,23.82,0.7481,66.57
2018-09-25,32.53,23.7,-0.495,65.74
2018-09-26,32.28,23.53,-0.7463,64.51
2018-09-27,32.57,23.73,0.8772,65.95
2018-09-28,33.25,24.23,2.1118,69.45
2018-10-01,33.21,24.2,-0.1216,69.25
2018-10-02,32.61,23.76,-1.827,66.16
2018-10-03,32.53,23.7,-0.2481,65.74
2018-10-04,32.2,23.47,-0.995,64.09
2018-10-05,32.12,23.41,-0.2513,63.68
2018-10-08,32.16,23.44,0.1259,63.89
2018-10-09,32.41,23.61,0.7547,65.13
2018-10-11,30.42,22.17,-6.1173,55.02
2018-10-12,31.56,23.0,3.7234,60.8
2018-10-15,31.15,22.7,-1.2821,58.73
2018-10-16,30.91,22.52,-0.7792,57.5
2018-10-17,30.95,22.55,0.1309,57.7
2018-10-18,30.75,22.41,-0.6536,56.67
2018-10-19,30.14,21.96,-1.9737,53.58
2018-10-22,30.38,22.14,0.8054,54.82
2018-10-23,29.13,21.23,-4.1278,48.43
2018-10-24,27.63,20.14,-5.1389,40.8
2018-10-25,27.51,20.05,-0.4392,40.18
2018-10-26,27.11,19.75,-1.4706,38.12
2018-10-29,27.43,19.99,1.1941,39.77
2018-10-30,27.59,20.11,0.59,40.59
2018-10-31,28.08,20.46,1.7595,43.07
2018-11-01,28.85,21.02,2.7378,46.98
2018-11-02,29.49,21.49,2.2441,50.28
2018-11-05,28.6,20.84,-3.0179,45.75
2018-11-06,28.4,20.7,-0.7072,44.72
2018-11-07,28.72,20.93,1.1396,46.37
2018-11-08,28.72,20.93,0.0,46.37
2018-11-09,28.24,20.58,-1.6901,43.89
2018-11-12,28.8,20.99,2.0057,46.78
2018-11-13,29.45,21.46,2.2472,50.08
2018-11-14,29.41,21.43,-0.1374,49.87
2018-11-15,29.25,21.31,-0.5502,49.05
2018-11-16,29.49,21.49,0.8299,50.28
2018-11-19,29.53,21.52,0.1372,50.49
2018-11-20,29.65,21.61,0.411,51.11
2018-11-21,28.89,21.05,-2.5921,47.19
2018-11-22,28.2,20.55,-2.3809,43.69
2018-11-23,28.08,20.46,-0.4304,43.07
2018-11-26,28.6,20.84,1.8732,45.75
2018-11-27,27.11,19.75,-5.2334,38.12
2018-11-28,27.55,20.08,1.6418,40.39
2018-11-29,27.55,20.08,0.0,40.39
2018-11-30,27.91,20.34,1.3216,42.24
2018-12-03,29.01,21.14,3.913,47.81
2018-12-04,28.36,20.67,-2.2315,44.51
2018-12-05,28.2,20.55,-0.5706,43.69
2018-12-06,28.04,20.43,-0.5739,42.86
2018-12-07,28.36,20.67,1.1544,44.51
2018-12-10,28.12,20.49,-0.8559,43.27
2018-12-11,28.16,20.52,0.1439,43.48
2018-12-12,28.28,20.61,0.431,44.1
2018-12-13,28.72,20.93,1.5737,46.37
2018-12-14,28.93,21.08,0.7042,47.4
2018-12-17,29.13,21.23,0.6993,48.43
2018-12-18,28.85,21.02,-0.9722,46.98
2018-12-19,29.13,21.23,0.9818,48.43
2018-12-20,28.64,20.87,-1.6667,45.95
2018-12-21,28.64,20.87,0.0,45.95
2018-12-24,28.97,21.11,1.1299,47.6
2018-12-25,29.01,21.14,0.1397,47.81
2018-12-26,28.64,20.87,-1.2552,45.95
2018-12-27,28.64,20.87,0.0,45.95
2018-12-28,28.8,20.99,0.565,46.78
2019-01-02,28.72,20.93,-0.2809,46.37
2019-01-03,28.44,20.73,-0.9859,44.92
2019-01-04,28.68,20.9,0.8535,46.16
2019-01-07,29.13,21.23,1.5515,48.43
2019-01-08,28.76,20.96,-1.25,46.57
2019-01-09,29.41,21.43,2.2504,49.87
2019-01-10,29.57,21.55,0.5502,50.7
2019-01-11,29.45,21.46,-0.4104,50.08
2019-01-14,28.8,20.99,-2.1978,46.78
2019-01-15,28.89,21.05,0.2809,47.19
2019-01-16,28.8,20.99,-0.2801,46.78
2019-01-17,28.68,20.9,-0.4213,46.16
2019-01-18,29.13,21.23,1.5515,48.43
2019-01-21,29.33,21.37,0.6944,49.46
2019-01-22,29.33,21.37,0.0,49.46
2019-01-23,29.49,21.49,0.5517,50.28
2019-01-24,29.45,21.46,-0.1372,50.08
2019-01-25,29.61,21.58,0.5495,50.9
2019-01-28,29.94,21.82,1.0929,52.55
2019-01-29,30.02,21.88,0.2703,52.96
2019-01-30,30.22,22.02,0.6739,53.99
2019-02-11,30.46,22.2,0.8032,55.23
2019-02-12,30.5,22.23,0.1328,55.44
2019-02-13,30.46,22.2,-0.1326,55.23
2019-02-14,30.34,22.11,-0.3984,54.61
2019-02-15,30.3,22.08,-0.1333,54.41
2019-02-18,29.86,21.76,-1.4686,52.14
2019-02-19,30.38,22.14,1.7615,54.82
2019-02-20,30.63,22.32,0.7989,56.05
2019-02-21,31.8,23.17,3.8309,62.03
2019-02-22,31.31,22.82,-1.5267,59.56
2019-02-25,31.11,22.67,-0.646,58.53
2019-02-26,30.91,22.52,-0.6502,57.5
2019-02-27,31.07,22.64,0.5236,58.32
2019-03-04,30.91,22.52,-0.5208,57.5
2019-03-05,30.75,22.41,-0.5236,56.67
2019-03-06,30.95,22.55,0.6579,57.7
2019-03-07,30.75,22.41,-0.6536,56.67
2019-03-08,30.75,22.41,0.0,56.67
2019-03-11,30.63,22.32,-0.3947,56.05
2019-03-12,31.07,22.64,1.4531,58.32
2019-03-13,31.15,22.7,0.2604,58.73
2019-03-14,31.23,22.76,0.2597,59.15
2019-03-15,31.27,22.79,0.1295,59.35
2019-03-18,30.58,22.29,-2.1992,55.85
2019-03-19,30.83,22.46,0.7936,57.09
2019-03-20,30.79,22.44,-0.1312,56.88
2019-03-21,31.43,22.91,2.1025,60.18
2019-03-22,31.31,22.82,-0.3861,59.56
2019-03-25,32.77,23.88,4.6512,66.98
2019-03-26,32.73,23.85,-0.1235,66.77
2019-03-27,32.81,23.91,0.2472,67.19
2019-03-28,33.17,24.17,1.1097,69.04
2019-03-29,33.38,24.32,0.6098,70.07
2019-04-01,33.46,24.38,0.2424,70.49
2019-04-02,33.5,24.41,0.1209,70.69
2019-04-03,33.74,24.59,0.7246,71.93
2019-04-08,34.23,24.94,1.4388,74.4
2019-04-09,34.1,24.85,-0.3546,73.78
2019-04-10,33.98,24.76,-0.3559,73.17
2019-04-11,34.02,24.79,0.119,73.37
2019-04-12,33.98,24.76,-0.1189,73.17
2019-04-15,34.39,25.06,1.1905,75.23
2019-04-16,34.23,24.94,-0.4706,74.4
2019-04-17,33.94,24.73,-0.8274,72.96
2019-04-18,33.66,24.53,-0.8343,71.52
2019-04-19,33.74,24.59,0.2404,71.93
2019-04-22,33.17,24.17,-1.6787,69.04
2019-04-23,33.66,24.53,1.4634,71.52
2019-04-24,33.62,24.5,-0.1202,71.31
2019-04-25,33.82,24.65,0.6017,72.34
2019-04-26,33.78,24.62,-0.1196,72.13
2019-04-29,34.06,24.82,0.8383,73.58
2019-04-30,33.98,24.76,-0.2375,73.17
2019-05-02,34.14,24.88,0.4762,73.99
2019-05-03,34.67,25.27,1.5403,76.67
2019-05-06,34.23,24.94,-1.2835,74.4
2019-05-07,34.71,25.29,1.4184,76.88
2019-05-08,34.79,25.35,0.2331,77.29
2019-05-09,34.39,25.06,-1.1628,75.23
2019-05-10,34.39,25.06,0.0,75.23
2019-05-13,33.98,24.76,-1.1765,73.17
2019-05-14,33.62,24.5,-1.0714,71.31
2019-05-15,33.78,24.62,0.4814,72.13
2019-05-16,33.98,24.76,0.5988,73.17
2019-05-17,34.19,24.91,0.5952,74.2
2019-05-20,34.27,24.97,0.2367,74.61
2019-05-21,34.67,25.27,1.1806,76.67
2019-05-22,34.55,25.18,-0.35,76.05
2019-05-23,34.27,24.97,-0.8197,74.61
2019-05-24,34.27,24.97,0.0,74.61
2019-05-27,34.31,25.0,0.1181,74.81
2019-05-28,34.23,24.94,-0.2359,74.4
2019-05-29,34.39,25.06,0.4728,75.23
2019-05-30,34.63,25.24,0.7059,76.46
2019-05-31,34.71,25.29,0.2336,76.88
2019-06-03,35.12,25.59,1.1655,78.94
2019-06-04,34.87,25.41,-0.6912,77.7
2019-06-05,34.79,25.35,-0.232,77.29
2019-06-06,34.91,25.44,0.3488,77.91
2019-06-10,35.48,25.85,1.6222,80.79
2019-06-11,35.6,25.94,0.3421,81.41
2019-06-12,35.4,25.8,-0.5682,80.38
2019-06-13,35.48,25.85,0.2286,80.79
2019-06-14,35.56,25.91,0.228,81.21
2019-06-17,36.17,26.36,1.7065,84.3
2019-06-18,36.57,26.65,1.1186,86.36
2019-06-19,36.65,26.71,0.2212,86.77
2019-06-20,36.73,26.77,0.2208,87.18
2019-06-21,36.53,26.62,-0.5507,86.15
2019-06-24,36.9,26.89,0.9967,88.01
2019-06-25,36.9,26.89,0.0,88.01
2019-06-26,36.86,26.86,-0.1097,87.8
2019-06-27,37.18,27.09,0.8782,89.45
2019-06-28,37.26,27.15,0.2176,89.86
2019-07-01,37.34,27.21,0.2172,90.28
2019-07-02,37.5,27.33,0.4334,91.1
2019-07-03,37.42,27.27,-0.2157,90.69
2019-07-04,37.14,27.06,-0.7568,89.24
2019-07-05,37.34,27.21,0.5447,90.28
2019-07-08,37.38,27.24,0.1084,90.48
2019-07-09,37.22,27.12,-0.4329,89.66
2019-07-10,37.1,27.03,-0.3261,89.04
2019-07-11,36.25,26.42,-2.2901,84.71
2019-07-12,35.88,26.15,-1.0045,82.85
2019-07-15,35.64,25.97,-0.6764,81.62
2019-07-16,36.21,26.39,1.5891,84.5
2019-07-17,36.17,26.36,-0.1117,84.3
2019-07-18,36.09,26.3,-0.2237,83.89
2019-07-19,36.25,26.42,0.4484,84.71
2019-07-22,36.33,26.47,0.2232,85.12
2019-07-23,36.45,26.56,0.3341,85.74
2019-07-24,36.25,26.42,-0.5549,84.71
2019-07-25,35.84,26.12,-1.1161,82.65
2019-07-26,36.13,26.33,0.7901,84.09
2019-07-29,36.29,26.44,0.4479,84.92
2019-07-30,36.25,26.42,-0.1115,84.71
2019-07-31,36.17,26.36,-0.2232,84.3
2019-08-01,35.64,25.97,-1.4541,81.62
2019-08-02,35.24,25.68,-1.1351,79.56
2019-08-05,35.24,25.68,0.0,79.56
2019-08-06,35.03,25.53,-0.5741,78.53
2019-08-07,35.08,25.56,0.1155,78.73
2019-08-08,35.52,25.88,1.2687,81.0
2019-08-12,35.56,25.91,0.1139,81.21
2019-08-13,32.25,25.56,-1.3649,78.73
2019-08-14,33.16,26.28,2.8188,83.77
2019-08-15,32.9,26.07,-0.7833,82.33
2019-08-16,32.86,26.04,-0.1316,82.09
2019-08-19,32.99,26.14,0.3953,82.81
2019-08-20,33.03,26.18,0.1312,83.05
2019-08-21,32.86,26.04,-0.5242,82.09
2019-08-22,32.77,25.97,-0.2635,81.61
2019-08-23,33.08,26.21,0.9247,83.29
2019-08-26,32.64,25.87,-1.3089,80.89
2019-08-27,32.6,25.83,-0.1326,80.65
2019-08-28,32.64,25.87,0.1328,80.89
2019-08-29,32.73,25.94,0.2653,81.37
2019-08-30,33.29,26.38,1.7196,84.49
2019-09-02,33.12,26.25,-0.5201,83.53
2019-09-03,33.21,26.32,0.2614,84.01
2019-09-04,33.29,26.38,0.2607,84.49
2019-09-05,33.77,26.76,1.4304,87.13
2019-09-06,34.5,27.34,2.1795,91.21
2019-09-10,34.59,27.41,0.2509,91.69
2019-09-11,34.63,27.45,0.1252,91.93
2019-09-12,34.68,27.48,0.125,92.17
2019-09-16,34.72,27.52,0.1248,92.41
2019-09-17,34.2,27.1,-1.4963,89.53
2019-09-18,34.46,27.31,0.7595,90.97
2019-09-19,34.46,27.31,0.0,90.97
2019-09-20,34.81,27.58,1.005,92.89
2019-09-23,34.42,27.28,-1.1194,90.73
2019-09-24,34.46,27.31,0.1258,90.97
2019-09-25,34.29,27.17,-0.5025,90.01
2019-09-26,34.55,27.38,0.7576,91.45
2019-09-27,34.33,27.21,-0.6266,90.25
2019-10-01,34.33,27.21,0.0,90.25
2019-10-02,33.98,26.93,-1.0088,88.33
2019-10-03,33.77,26.76,-0.6369,87.13
2019-10-04,33.68,26.69,-0.2564,86.65
2019-10-07,34.03,26.97,1.0283,88.57
2019-10-08,34.42,27.28,1.145,90.73
2019-10-09,34.2,27.1,-0.6289,89.53
2019-10-14,34.59,27.41,1.1392,91.69
2019-10-15,34.63,27.45,0.1252,91.93
2019-10-16,34.63,27.45,0.0,91.93
2019-10-17,34.72,27.52,0.25,92.41
2019-10-18,35.46,28.1,2.1197,96.49
2019-10-21,35.93,28.48,1.3431,99.12
2019-10-22,35.85,28.41,-0.241,98.64
2019-10-23,35.46,28.1,-1.0869,96.49
2019-10-24,35.5,28.13,0.1221,96.72
2019-10-25,35.37,28.03,-0.3659,96.01
2019-10-28,35.28,27.96,-0.2448,95.53
2019-10-29,35.2,27.89,-0.2454,95.05
2019-10-30,34.94,27.69,-0.738,93.61
2019-10-31,35.02,27.76,0.2478,94.09
2019-11-01,35.11,27.82,0.2472,94.57
2019-11-04,35.46,28.1,0.9864,96.49
2019-11-05,35.41,28.06,-0.1221,96.25
2019-11-06,35.33,28.0,-0.2445,95.77
2019-11-07,35.46,28.1,0.3676,96.49
2019-11-08,35.41,28.06,-0.1221,96.25
2019-11-11,34.94,27.69,-1.3448,93.61
2019-11-12,35.2,27.89,0.7435,95.05
2019-11-13,35.5,28.13,0.861,96.72
2019-11-14,35.63,28.24,0.3659,97.44
2019-11-15,36.11,28.61,1.3366,100.08
2019-11-18,36.45,28.89,0.9592,102.0
2019-11-19,36.45,28.89,0.0,102.0
2019-11-20,36.93,29.27,1.3064,104.64
2019-11-21,36.67,29.06,-0.7034,103.2
2019-11-22,36.45,28.89,-0.5903,102.0
2019-11-25,36.32,28.79,-0.3563,101.28
2019-11-26,36.19,28.68,-0.3576,100.56
2019-11-27,36.32,28.79,0.3589,101.28
2019-11-28,36.37,28.82,0.1192,101.52
2019-11-29,35.85,28.41,-1.4286,98.64
2019-12-02,35.8,28.37,-0.1208,98.4
2019-12-03,36.24,28.72,1.2092,100.8
2019-12-04,36.15,28.65,-0.239,100.32
2019-12-05,36.06,28.58,-0.2395,99.84
2019-12-06,36.15,28.65,0.2401,100.32
2019-12-09,36.41,28.85,0.7186,101.76
2019-12-10,36.45,28.89,0.1189,102.0
2019-12-11,36.5,28.92,0.1188,102.24
2019-12-12,36.63,29.03,0.3559,102.96
2019-12-13,36.84,29.2,0.591,104.16
2019-12-16,37.06,29.37,0.5876,105.36
2019-12-17,37.19,29.47,0.3505,106.08
2019-12-18,37.23,29.51,0.1164,106.32
2019-12-19,37.23,29.51,0.0,106.32
2019-12-20,37.19,29.47,-0.1163,106.08
2019-12-23,37.45,29.68,0.6985,107.52
2019-12-24,37.36,29.61,-0.2312,107.04
2019-12-25,37.32,29.57,-0.1159,106.8
2019-12-26,37.27,29.54,-0.116,106.56
2019-12-27,37.45,29.68,0.4646,107.52
2019-12-30,37.79,29.95,0.9249,109.44
2019-12-31,37.84,29.99,0.1145,109.68
2020-01-02,38.18,30.26,0.9153,111.6
2020-01-03,38.05,30.16,-0.3401,110.88
2020-01-06,37.62,29.81,-1.1376,108.48
2020-01-07,37.75,29.92,0.3452,109.2
2020-01-08,37.58,29.78,-0.4587,108.24
2020-01-09,37.62,29.81,0.1152,108.48
2020-01-10,37.66,29.85,0.1151,108.72
2020-01-13,38.31,30.36,1.7241,112.32
2020-01-14,38.57,30.57,0.678,113.76
2020-01-15,38.57,30.57,0.0,113.76
2020-01-16,38.75,30.71,0.4489,114.72
2020-01-17,38.88,30.81,0.3352,115.44
2020-01-20,38.92,30.84,0.1113,115.68
2020-01-30,36.24,28.72,-6.8965,100.8
2020-01-31,36.41,28.85,0.4779,101.76
2020-02-03,35.98,28.51,-1.1891,99.36
2020-02-04,36.71,29.09,2.0457,103.44
2020-02-05,36.67,29.06,-0.1179,103.2
2020-02-06,37.23,29.51,1.5348,106.32
2020-02-07,36.8,29.16,-1.1628,103.92
2020-02-10,36.71,29.09,-0.2353,103.44
2020-02-11,36.88,29.23,0.4717,104.4
2020-02-12,37.06,29.37,0.4695,105.36
2020-02-13,37.36,29.61,0.8178,107.04
2020-02-14,37.4,29.64,0.1159,107.28
2020-02-17,37.23,29.51,-0.463,106.32
2020-02-18,37.27,29.54,0.1163,106.56
2020-02-19,37.58,29.78,0.813,108.24
2020-02-20,37.36,29.61,-0.576,107.04
2020-02-21,37.45,29.68,0.2318,107.52
2020-02-24,37.23,29.51,-0.578,106.32
2020-02-25,36.97,29.3,-0.6977,104.88
2020-02-26,36.54,28.96,-1.1709,102.48
2020-02-27,36.58,28.99,0.1185,102.72
2020-03-02,36.58,28.99,0.0,102.72
2020-03-03,36.93,29.27,0.9468,104.64
2020-03-04,37.1,29.4,0.4689,105.6
2020-03-05,37.49,29.71,1.0502,107.76
2020-03-06,37.1,29.4,-1.0392,105.6
2020-03-09,36.24,28.72,-2.3337,100.8
2020-03-10,36.02,28.55,-0.5974,99.6
2020-03-11,36.19,28.68,0.4808,100.56
2020-03-12,35.28,27.96,-2.5119,95.53
2020-03-13,34.85,27.62,-1.227,93.13
2020-03-16,33.64,26.66,-3.4783,86.41
2020-03-17,32.56,25.8,-3.2175,80.41
2020-03-18,31.17,24.7,-4.2553,72.73
2020-03-19,29.09,23.06,-6.6667,61.22
2020-03-20,31.99,25.35,9.9702,77.29
2020-03-23,31.26,24.77,-2.3004,73.21
2020-03-24,33.12,26.25,5.9557,83.53
2020-03-25,33.59,26.62,1.4379,86.17
2020-03-26,33.42,26.49,-0.5155,85.21
2020-03-27,33.72,26.73,0.9067,86.89
2020-03-30,33.9,26.86,0.5135,87.85
2020-03-31,34.2,27.1,0.894,89.53
2020-04-01,33.77,26.76,-1.2658,87.13
2020-04-06,33.81,26.8,0.1282,87.37
2020-04-07,34.59,27.41,2.3047,91.69
2020-04-08,35.5,28.13,2.6283,96.72
2020-04-09,35.11,27.82,-1.0976,94.57
2020-04-10,35.5,28.13,1.1097,96.72
2020-04-13,35.33,28.0,-0.4878,95.77
2020-04-14,36.06,28.58,2.0833,99.84
2020-04-15,36.19,28.68,0.3601,100.56
2020-04-16,36.24,28.72,0.1196,100.8
2020-04-17,36.37,28.82,0.3584,101.52
2020-04-20,36.67,29.06,0.8333,103.2
2020-04-21,36.19,28.68,-1.2987,100.56
2020-04-22,36.02,28.55,-0.4785,99.6
2020-04-23,36.5,28.92,1.3221,102.24
2020-04-24,36.37,28.82,-0.3559,101.52
2020-04-27,36.37,28.82,0.0,101.52
2020-04-28,36.58,28.99,0.5952,102.72
2020-04-29,36.84,29.2,0.7101,104.16
2020-04-30,37.4,29.64,1.5276,107.28
2020-05-04,36.54,28.96,-2.3148,102.48
2020-05-05,37.1,29.4,1.5403,105.6
2020-05-06,36.88,29.23,-0.5834,104.4
2020-05-07,36.97,29.3,0.2347,104.88
2020-05-08,37.23,29.51,0.7026,106.32
2020-05-11,37.36,29.61,0.3488,107.04
2020-05-12,37.19,29.47,-0.4635,106.08
2020-05-13,37.14,29.44,-0.1164,105.84
2020-05-14,36.88,29.23,-0.6993,104.4
2020-05-15,36.63,29.03,-0.7042,102.96
2020-05-18,36.67,29.06,0.1182,103.2
2020-05-19,37.23,29.51,1.5348,106.32
2020-05-20,37.14,29.44,-0.2326,105.84
2020-05-21,37.23,29.51,0.2331,106.32
2020-05-22,36.93,29.27,-0.8139,104.64
2020-05-25,36.93,29.27,0.0,104.64
2020-05-26,37.23,29.51,0.8206,106.32
2020-05-27,37.1,29.4,-0.3488,105.6
2020-05-28,36.67,29.06,-1.1669,103.2
2020-05-29,36.84,29.2,0.4723,104.16
2020-06-01,37.32,29.57,1.2926,106.8
2020-06-02,37.49,29.71,0.464,107.76
2020-06-03,37.79,29.95,0.8083,109.44
2020-06-04,37.58,29.78,-0.5727,108.24
2020-06-05,37.79,29.95,0.576,109.44
2020-06-08,38.05,30.16,0.6873,110.88
2020-06-09,38.01,30.12,-0.1138,110.64
2020-06-10,38.1,30.19,0.2278,111.12
2020-06-11,37.49,29.71,-1.5909,107.76
2020-06-12,37.14,29.44,-0.9238,105.84
2020-06-15,36.8,29.16,-0.9324,103.92
2020-06-16,37.1,29.4,0.8235,105.6
2020-06-17,37.1,29.4,0.0,105.6
2020-06-18,36.97,29.3,-0.3501,104.88
2020-06-19,36.84,29.2,-0.3513,104.16
2020-06-22,37.14,29.44,0.8226,105.84
2020-06-23,36.97,29.3,-0.4662,104.88
2020-06-24,37.1,29.4,0.3513,105.6
2020-06-29,36.93,29.27,-0.4667,104.64
2020-06-30,37.01,29.33,0.2344,105.12
2020-07-01,37.32,29.57,0.8187,106.8
2020-07-02,37.75,29.92,1.1601,109.2
2020-07-03,38.05,30.16,0.8027,110.88
2020-07-06,38.44,30.47,1.0239,113.04
2020-07-07,38.53,30.54,0.2252,113.52
2020-07-08,39.09,30.98,1.4607,116.64
2020-07-09,39.22,31.08,0.3322,117.36
2020-07-10,38.92,30.84,-0.7727,115.68
2020-07-13,39.14,31.02,0.5562,116.88
2020-07-14,39.22,31.08,0.2213,117.36
2020-07-15,39.48,31.29,0.6622,118.8
2020-07-16,38.53,30.54,-2.4123,113.52
2020-07-17,38.79,30.74,0.6742,114.96
2020-07-20,39.05,30.95,0.6696,116.4
2020-07-21,39.44,31.26,0.9978,118.56
2020-07-22,39.4,31.22,-0.1098,118.32
2020-07-23,39.48,31.29,0.2198,118.8
2020-07-24,38.96,30.88,-1.3158,115.92
2020-07-27,38.62,30.6,-0.8889,114.0
2020-07-28,38.53,30.54,-0.2242,113.52
2020-07-29,39.01,30.91,1.236,116.16
2020-07-30,39.27,31.12,0.6659,117.6
2020-07-31,38.96,30.88,-0.7718,115.92
2020-08-03,38.92,30.84,-0.1111,115.68
2020-08-04,39.31,31.15,1.0011,117.84
2020-08-05,40.22,31.87,2.3128,122.87
2020-08-06,40.82,32.35,1.507,126.23
2020-08-07,40.78,32.32,-0.106,125.99
2020-08-10,40.35,31.98,-1.0616,123.59
2020-08-11,40.26,31.91,-0.2146,123.11
2020-08-12,37.28,31.22,-2.1558,118.31
2020-08-13,37.46,31.37,0.4878,119.37
2020-08-14,38.96,32.63,4.0049,128.16
2020-08-17,39.41,33.01,1.1669,130.82
2020-08-18,40.0,33.5,1.4994,134.28
2020-08-19,40.32,33.77,0.7954,136.14
2020-08-20,39.55,33.12,-1.9166,131.62
2020-08-21,40.23,33.69,1.7241,135.61
2020-08-24,40.05,33.54,-0.452,134.54
2020-08-25,40.09,33.58,0.1135,134.81
2020-08-26,40.09,33.58,0.0,134.81
2020-08-27,39.87,33.39,-0.5669,133.48
2020-08-28,39.55,33.12,-0.7982,131.62
2020-08-31,39.0,32.67,-1.3793,128.42
2020-09-01,38.87,32.55,-0.3496,127.62
2020-09-02,38.78,32.48,-0.2339,127.09
2020-09-03,38.82,32.51,0.1172,127.36
2020-09-04,38.37,32.13,-1.171,124.69
2020-09-07,38.82,32.51,1.1848,127.36
2020-09-08,38.82,32.51,0.0,127.36
2020-09-09,38.68,32.4,-0.3513,126.56
2020-09-10,38.59,32.32,-0.235,126.03
2020-09-11,38.46,32.21,-0.3534,125.23
2020-09-14,39.05,32.7,1.5366,128.69
2020-09-15,38.82,32.51,-0.5821,127.36
2020-09-16,38.96,32.63,0.3513,128.16
2020-09-17,38.68,32.4,-0.7001,126.56
2020-09-18,38.64,32.36,-0.1175,126.29
2020-09-21,38.41,32.17,-0.5882,124.96
2020-09-22,38.0,31.83,-1.0651,122.56
2020-09-23,37.28,31.22,-1.9139,118.31
2020-09-24,36.41,30.5,-2.3171,113.25
2020-09-25,36.87,30.88,1.2484,115.91
2020-09-28,37.23,31.18,0.9864,118.04
2020-09-29,37.46,31.37,0.6105,119.37
2020-09-30,37.64,31.52,0.4854,120.43
2020-10-05,37.28,31.22,-0.9662,118.31
2020-10-06,37.64,31.52,0.9756,120.43
2020-10-07,37.41,31.33,-0.6039,119.1
2020-10-08,37.41,31.33,0.0,119.1
2020-10-12,37.23,31.18,-0.486,118.04
2020-10-13,36.82,30.84,-1.0989,115.64
2020-10-14,36.82,30.84,0.0,115.64
2020-10-15,36.64,30.69,-0.4938,114.58
2020-10-16,36.64,30.69,0.0,114.58
2020-10-19,36.78,30.8,0.3722,115.38
2020-10-20,36.68,30.72,-0.2472,114.84
2020-10-21,36.64,30.69,-0.1239,114.58
2020-10-22,37.28,31.22,1.737,118.31
2020-10-23,36.96,30.95,-0.8537,116.44
2020-10-26,36.82,30.84,-0.369,115.64
2020-10-27,36.82,30.84,0.0,115.64
2020-10-28,36.87,30.88,0.1235,115.91
2020-10-29,36.68,30.72,-0.4932,114.84
2020-10-30,36.87,30.88,0.4957,115.91
2020-11-02,36.91,30.91,0.1233,116.18
2020-11-03,37.23,31.18,0.8621,118.04
2020-11-04,37.18,31.14,-0.1221,117.77
2020-11-05,37.32,31.26,0.3668,118.57
2020-11-06,37.14,31.11,-0.4872,117.51
2020-11-09,37.41,31.33,0.7344,119.1
2020-11-10,37.78,31.64,0.9721,121.23
2020-11-11,38.78,32.48,2.6474,127.09
2020-11-12,38.55,32.29,-0.5862,125.76
2020-11-13,38.41,32.17,-0.3538,124.96
2020-11-16,38.5,32.25,0.2367,125.49
2020-11-17,38.87,32.55,0.9445,127.62
2020-11-18,38.82,32.51,-0.117,127.36
2020-11-19,39.0,32.67,0.4684,128.42
2020-11-20,38.82,32.51,-0.4662,127.36
2020-11-23,39.09,32.74,0.7026,128.95
2020-11-24,38.87,32.55,-0.5814,127.62
2020-11-25,38.73,32.44,-0.3509,126.82
2020-11-26,39.05,32.7,0.8216,128.69
2020-11-27,39.37,32.97,0.8149,130.55
2020-11-30,39.0,32.67,-0.9238,128.42
2020-12-01,39.23,32.86,0.5828,129.75
2020-12-02,39.28,32.89,0.1159,130.02
2020-12-03,39.55,33.12,0.6945,131.62
2020-12-04,39.68,33.24,0.3448,132.41
2020-12-07,39.59,33.16,-0.2291,131.88
2020-12-08,39.64,33.2,0.1148,132.15
2020-12-09,39.41,33.01,-0.5734,130.82
2020-12-10,39.32,32.93,-0.2307,130.29
2020-12-11,39.0,32.67,-0.8093,128.42
2020-12-14,38.91,32.59,-0.2331,127.89
2020-12-15,38.64,32.36,-0.7009,126.29
2020-12-16,39.14,32.78,1.2941,129.22
2020-12-17,38.78,32.48,-0.9292,127.09
2020-12-18,39.05,32.7,0.7034,128.69
2020-12-21,39.55,33.12,1.2806,131.62
2020-12-22,39.05,32.7,-1.2644,128.69
2020-12-23,38.91,32.59,-0.3492,127.89
2020-12-24,38.82,32.51,-0.2337,127.36
2020-12-25,38.91,32.59,0.2342,127.89
2020-12-28,39.09,32.74,0.4673,128.95
2020-12-29,39.09,32.74,0.0,128.95
2020-12-30,39.32,32.93,0.5814,130.29
2020-12-31,39.28,32.89,-0.1156,130.02
2021-01-04,39.28,32.89,0.0,130.02
2021-01-05,39.18,32.82,-0.2315,129.49
2021-01-06,39.05,32.7,-0.348,128.69
2021-01-07,38.96,32.63,-0.2328,128.16
2021-01-08,39.05,32.7,0.2333,128.69
2021-01-11,39.18,32.82,0.3493,129.49
2021-01-12,38.82,32.51,-0.9281,127.36
2021-01-13,38.82,32.51,0.0,127.36
2021-01-14,38.68,32.4,-0.3513,126.56
2021-01-15,38.14,31.94,-1.4101,123.36
2021-01-18,37.82,31.68,-0.8343,121.5
2021-01-19,37.96,31.79,0.3606,122.3
2021-01-20,37.23,31.18,-1.9162,118.04
2021-01-21,37.09,31.07,-0.3663,117.24
2021-01-22,36.91,30.91,-0.4902,116.18
2021-01-25,37.18,31.14,0.7389,117.77
2021-01-26,36.68,30.72,-1.3447,114.84
2021-01-27,36.68,30.72,0.0,114.84
2021-01-28,36.59,30.65,-0.2478,114.31
2021-01-29,36.5,30.57,-0.2485,113.78
2021-02-01,37.09,31.07,1.6189,117.24
2021-02-02,37.05,31.03,-0.1225,116.97
2021-02-03,36.87,30.88,-0.4908,115.91
2021-02-04,36.73,30.76,-0.3699,115.11
2021-02-05,37.14,31.11,1.1139,117.51
2021-02-17,37.5,31.41,0.9792,119.64
2021-02-18,37.59,31.49,0.2424,120.17
2021-02-19,37.82,31.68,0.6046,121.5
2021-02-22,38.0,31.83,0.4808,122.56
2021-02-23,38.59,32.32,1.555,126.03
2021-02-24,38.68,32.4,0.2356,126.56
2021-02-25,39.0,32.67,0.8226,128.42
2021-02-26,38.18,31.98,-2.0979,123.63
2021-03-02,38.28,32.06,0.2381,124.16
2021-03-03,38.68,32.4,1.0689,126.56
2021-03-04,38.64,32.36,-0.1175,126.29
2021-03-05,38.64,32.36,0.0,126.29
2021-03-08,38.78,32.48,0.353,127.09
2021-03-09,39.46,33.05,1.7585,131.08
2021-03-10,39.09,32.74,-0.9217,128.95
2021-03-11,38.96,32.63,-0.3488,128.16
2021-03-12,38.82,32.51,-0.3501,127.36
2021-03-15,38.5,32.25,-0.8197,125.49
2021-03-16,38.73,32.44,0.5903,126.82
2021-03-17,38.96,32.63,0.5869,128.16
2021-03-18,39.18,32.82,0.5834,129.49
2021-03-19,38.82,32.51,-0.9281,127.36
2021-03-22,41.64,34.87,7.26,143.86
2021-03-23,41.55,34.8,-0.2183,143.33
2021-03-24,41.41,34.68,-0.3282,142.53
2021-03-25,41.41,34.68,0.0,142.53
2021-03-26,41.96,35.14,1.3172,145.73
2021-03-29,42.28,35.41,0.7584,147.59
2021-03-30,42.32,35.45,0.1075,147.86
2021-03-31,42.55,35.64,0.5371,149.19
2021-04-01,42.46,35.56,-0.2137,148.65
2021-04-07,42.55,35.64,0.2141,149.19
2021-04-08,42.64,35.71,0.2137,149.72
2021-04-09,42.46,35.56,-0.4264,148.65
2021-04-12,42.59,35.67,0.3212,149.45
2021-04-13,42.91,35.94,0.7471,151.32
2021-04-14,42.73,35.79,-0.4237,150.25
2021-04-15,43.55,36.47,1.9149,155.04
2021-04-16,44.55,37.31,2.2964,160.9
2021-04-19,45.82,38.38,2.8572,168.36
2021-04-20,47.28,39.6,3.1746,176.87
2021-04-21,50.64,42.41,7.1154,196.58
2021-04-22,49.19,41.19,-2.8725,188.06
2021-04-23,48.18,40.36,-2.0333,182.2
2021-04-26,48.28,40.43,0.1887,182.73
2021-04-27,47.91,40.13,-0.7533,180.6
2021-04-28,48.37,40.51,0.9488,183.26
2021-04-29,47.37,39.67,-2.0677,177.41
2021-05-03,46.55,38.99,-1.7275,172.62
2021-05-04,45.64,38.22,-1.9531,167.29
2021-05-05,46.18,38.68,1.1952,170.49
2021-05-06,48.18,40.36,4.3307,182.2
2021-05-07,47.55,39.82,-1.3207,178.47
2021-05-10,48.09,40.28,1.1472,181.67
2021-05-11,46.91,39.29,-2.4575,174.74
2021-05-12,45.09,37.77,-3.876,164.1
2021-05-13,44.73,37.46,-0.8065,161.97
2021-05-14,45.09,37.77,0.813,164.1
2021-05-17,43.55,36.47,-3.4274,155.04
2021-05-18,45.46,38.07,4.3841,166.23
2021-05-19,45.91,38.45,1.0,168.89
2021-05-20,46.18,38.68,0.594,170.49
2021-05-21,46.55,38.99,0.7874,172.62
2021-05-24,46.64,39.06,0.1953,173.15
2021-05-25,46.46,38.91,-0.3898,172.08
2021-05-26,46.09,38.61,-0.7828,169.95
2021-05-27,45.73,38.3,-0.789,167.82
2021-05-28,46.0,38.53,0.5964,169.42
2021-05-31,46.91,39.29,1.9763,174.74
2021-06-01,46.82,39.21,-0.1938,174.21
2021-06-02,47.28,39.6,0.9709,176.87
2021-06-03,47.55,39.82,0.5769,178.47
2021-06-04,47.18,39.52,-0.7648,176.34
2021-06-07,46.82,39.21,-0.7707,174.21
2021-06-08,46.73,39.14,-0.1942,173.68
2021-06-09,46.64,39.06,-0.1946,173.15
2021-06-10,46.82,39.21,0.3899,174.21
2021-06-11,46.73,39.14,-0.1942,173.68
2021-06-15,46.64,39.06,-0.1946,173.15
2021-06-16,47.18,39.52,1.1696,176.34
2021-06-17,46.82,39.21,-0.7707,174.21
2021-06-18,46.37,38.83,-0.9709,171.55
2021-06-21,46.09,38.61,-0.5882,169.95
2021-06-22,46.28,38.76,0.3945,171.02
2021-06-23,46.37,38.83,0.1965,171.55
2021-06-24,46.46,38.91,0.1961,172.08
2021-06-25,46.37,38.83,-0.1957,171.55
2021-06-28,46.46,38.91,0.1961,172.08
2021-06-29,46.55,38.99,0.1957,172.62
2021-06-30,46.37,38.83,-0.3906,171.55
2021-07-01,46.0,38.53,-0.7843,169.42
2021-07-02,45.91,38.45,-0.1976,168.89
2021-07-05,46.0,38.53,0.198,169.42
2021-07-06,46.55,38.99,1.1858,172.62
2021-07-07,46.64,39.06,0.1953,173.15
2021-07-08,48.0,40.2,2.924,181.13
2021-07-09,47.28,39.6,-1.5152,176.87
2021-07-12,47.46,39.75,0.3846,177.94
2021-07-13,47.18,39.52,-0.5747,176.34
2021-07-14,46.82,39.21,-0.7707,174.21
2021-07-15,46.91,39.29,0.1942,174.74
2021-07-16,46.82,39.21,-0.1938,174.21
2021-07-19,47.28,39.6,0.9709,176.87
2021-07-20,47.0,39.37,-0.5769,175.28
2021-07-21,47.09,39.44,0.1934,175.81
2021-07-22,47.37,39.67,0.5792,177.41
2021-07-23,48.18,40.36,1.7274,182.2
2021-07-26,48.37,40.51,0.3774,183.26
2021-07-27,48.18,40.36,-0.3759,182.2
2021-07-28,47.64,39.9,-1.1321,179.0
2021-07-29,48.09,40.28,0.9542,181.67
2021-07-30,47.82,40.05,-0.5671,180.07
2021-08-02,48.0,40.2,0.3802,181.13
2021-08-03,49.0,41.04,2.0833,186.99
2021-08-04,48.91,40.97,-0.1855,186.46
2021-08-05,47.91,40.13,-2.0446,180.6
2021-08-06,48.09,40.28,0.3795,181.67
2021-08-09,47.64,39.9,-0.9452,179.0
2021-08-10,47.18,39.52,-0.9542,176.34
2021-08-11,46.46,38.91,-1.5414,172.08
2021-08-12,43.28,38.8,-0.2763,171.33
2021-08-13,44.0,39.45,1.6807,175.89
2021-08-16,43.59,39.09,-0.9297,173.33
2021-08-17,43.59,39.09,0.0,173.33
2021-08-18,42.96,38.52,-1.4599,169.34
2021-08-19,42.0,37.66,-2.2222,163.35
2021-08-20,41.96,37.62,-0.1082,163.07
2021-08-23,42.55,38.15,1.4085,166.77
2021-08-24,42.5,38.11,-0.1068,166.49
2021-08-25,42.91,38.48,0.9626,169.05
2021-08-26,42.68,38.27,-0.5297,167.63
2021-08-27,43.14,38.68,1.065,170.48
2021-08-30,43.28,38.8,0.3161,171.33
2021-08-31,44.05,39.5,1.7857,176.18
2021-09-01,44.0,39.45,-0.1032,175.89
2021-09-02,43.55,39.05,-1.0331,173.04
2021-09-03,44.09,39.54,1.2526,176.46
2021-09-06,44.37,39.78,0.6186,178.17
2021-09-07,44.32,39.74,-0.1024,177.89
2021-09-08,44.14,39.58,-0.4103,176.75
2021-09-09,43.82,39.29,-0.7209,174.75
2021-09-10,44.55,39.94,1.6597,179.31
2021-09-13,45.55,40.84,2.2449,185.58
2021-09-14,46.73,41.9,2.5948,192.99
2021-09-15,46.55,41.74,-0.3891,191.85
2021-09-16,47.0,42.14,0.9766,194.7
2021-09-17,46.09,41.33,-1.9342,189.0
2021-09-22,46.09,41.33,0.0,189.0
2021-09-23,46.55,41.74,0.9862,191.85
2021-09-24,46.64,41.82,0.1953,192.42
2021-09-27,46.46,41.66,-0.3898,191.28
2021-09-28,46.37,41.57,-0.1957,190.71
2021-09-29,46.0,41.25,-0.7843,188.43
2021-09-30,46.37,41.57,0.7905,190.71
2021-10-01,45.64,40.92,-1.5686,186.15
2021-10-04,45.46,40.76,-0.3984,185.01
2021-10-05,45.73,41.0,0.6,186.72
2021-10-06,45.37,40.68,-0.7952,184.44
2021-10-07,45.82,41.09,1.002,187.29
2021-10-08,45.82,41.09,0.0,187.29
2021-10-12,45.64,40.92,-0.3968,186.15
2021-10-13,45.91,41.17,0.5976,187.86
2021-10-14,45.37,40.68,-1.1881,184.44
2021-10-15,45.55,40.84,0.4008,185.58
2021-10-18,45.28,40.6,-0.5988,183.87
2021-10-19,44.64,40.03,-1.4056,179.88
2021-10-20,43.96,39.41,-1.5275,175.61
2021-10-21,44.32,39.74,0.8273,177.89
2021-10-22,44.37,39.78,0.1025,178.17
2021-10-25,43.87,39.33,-1.127,175.04
2021-10-26,44.05,39.5,0.4145,176.18
2021-10-27,43.96,39.41,-0.2064,175.61
2021-10-28,44.09,39.54,0.3102,176.46
2021-10-29,43.87,39.33,-0.5155,175.04
2021-11-01,43.87,39.33,0.0,175.04
2021-11-02,43.78,39.25,-0.2073,174.47
2021-11-03,43.78,39.25,0.0,174.47
2021-11-04,43.73,39.21,-0.1038,174.18
2021-11-05,43.78,39.25,0.1039,174.47
2021-11-08,44.5,39.9,1.6615,179.03
2021-11-09,44.37,39.78,-0.3064,178.17
2021-11-10,44.28,39.7,-0.2049,177.6
2021-11-11,44.37,39.78,0.2053,178.17
2021-11-12,44.28,39.7,-0.2049,177.6
2021-11-15,44.18,39.62,-0.2054,177.03
2021-11-16,44.23,39.66,0.1029,177.32
2021-11-17,44.14,39.58,-0.2055,176.75
2021-11-18,43.91,39.37,-0.5149,175.32
2021-11-19,43.91,39.37,0.0,175.32
2021-11-22,43.55,39.05,-0.8282,173.04
2021-11-23,43.46,38.97,-0.2088,172.47
2021-11-24,43.14,38.68,-0.7322,170.48
2021-11-25,42.87,38.44,-0.6322,168.77
2021-11-26,42.28,37.91,-1.3786,165.06
2021-11-29,42.28,37.91,0.0,165.06
2021-11-30,41.82,37.5,-1.0753,162.21
2021-12-01,42.37,37.99,1.3044,165.63
2021-12-02,42.09,37.74,-0.6438,163.92
2021-12-03,42.18,37.82,0.216,164.49
2021-12-06,43.0,38.56,1.9396,169.62
2021-12-07,43.23,38.76,0.5286,171.05
2021-12-08,43.37,38.88,0.3154,171.9
2021-12-09,43.09,38.64,-0.6289,170.19
2021-12-10,43.0,38.56,-0.211,169.62
2021-12-13,42.82,38.4,-0.4228,168.48
2021-12-14,42.73,38.31,-0.2123,167.91
2021-12-15,42.68,38.27,-0.1064,167.63
2021-12-16,42.64,38.23,-0.1065,167.34
2021-12-17,43.14,38.68,1.1727,170.48
2021-12-20,43.09,38.64,-0.1054,170.19
2021-12-21,42.96,38.52,-0.3165,169.34
2021-12-22,43.09,38.64,0.3175,170.19
2021-12-23,43.37,38.88,0.6329,171.9
2021-12-24,43.55,39.05,0.4193,173.04
2021-12-27,43.73,39.21,0.4175,174.18
2021-12-28,43.78,39.25,0.1039,174.47
2021-12-29,43.78,39.25,0.0,174.47
2021-12-30,43.64,39.13,-0.3115,173.61
2022-01-03,43.14,38.68,-1.1458,170.48
2022-01-04,43.0,38.56,-0.3161,169.62
2022-01-05,42.87,38.44,-0.3171,168.77
2022-01-06,43.28,38.8,0.9544,171.33
2022-01-07,43.14,38.68,-0.3151,170.48
2022-01-10,43.0,38.56,-0.3161,169.62
2022-01-11,43.18,38.72,0.4228,170.76
2022-01-12,43.18,38.72,0.0,170.76
2022-01-13,43.59,39.09,0.9474,173.33
2022-01-14,43.28,38.8,-0.7299,171.33
2022-01-17,43.28,38.8,0.0,171.33
2022-01-18,43.41,38.92,0.3151,172.19
2022-01-19,43.28,38.8,-0.3141,171.33
2022-01-20,43.18,38.72,-0.2101,170.76
2022-01-21,43.09,38.64,-0.2105,170.19
2022-01-24,42.87,38.44,-0.5274,168.77
2022-01-25,42.55,38.15,-0.7423,166.77
2022-01-26,42.59,38.19,0.1068,167.06
2022-02-07,42.82,38.4,0.5336,168.48
2022-02-08,42.68,38.27,-0.3185,167.63
2022-02-09,43.0,38.56,0.7455,169.62
2022-02-10,43.23,38.76,0.5286,171.05
2022-02-11,43.23,38.76,0.0,171.05
2022-02-14,42.87,38.44,-0.8412,168.77
2022-02-15,42.73,38.31,-0.3181,167.91
2022-02-16,42.73,38.31,0.0,167.91
2022-02-17,43.14,38.68,0.9574,170.48
2022-02-18,43.14,38.68,0.0,170.48
2022-02-21,43.28,38.8,0.3161,171.33
2022-02-22,43.37,38.88,0.2101,171.9
2022-02-23,43.32,38.84,-0.1048,171.62
2022-02-24,43.0,38.56,-0.7345,169.62
2022-02-25,43.05,38.6,0.1057,169.91
2022-03-01,43.46,38.97,0.9504,172.47
2022-03-02,43.64,39.13,0.4184,173.61
2022-03-03,43.68,39.17,0.1042,173.9
2022-03-04,43.32,38.84,-0.8325,171.62
2022-03-07,42.82,38.4,-1.1542,168.48
2022-03-08,42.68,38.27,-0.3185,167.63
2022-03-09,42.96,38.52,0.639,169.34
2022-03-10,43.28,38.8,0.7407,171.33
2022-03-11,43.14,38.68,-0.3151,170.48
2022-03-14,43.23,38.76,0.2108,171.05
2022-03-15,43.59,39.09,0.8412,173.33
2022-03-16,43.5,39.01,-0.2086,172.76
2022-03-17,43.64,39.13,0.3135,173.61
2022-03-18,44.5,39.9,1.9792,179.03
2022-03-21,45.23,40.56,1.6343,183.59
2022-03-22,45.18,40.51,-0.1005,183.3
2022-03-23,45.14,40.47,-0.1006,183.02
2022-03-24,45.41,40.72,0.6042,184.73
2022-03-25,45.18,40.51,-0.5005,183.3
2022-03-28,45.18,40.51,0.0,183.3
2022-03-29,45.28,40.6,0.2012,183.87
2022-03-30,45.32,40.64,0.1004,184.16
2022-03-31,45.37,40.68,0.1003,184.44
2022-04-01,45.23,40.56,-0.3006,183.59
2022-04-06,45.64,40.92,0.9045,186.15
2022-04-07,45.05,40.39,-1.2948,182.45
2022-04-08,45.28,40.6,0.5045,183.87
2022-04-11,44.96,40.31,-0.7028,181.88
2022-04-12,43.64,39.13,-2.9323,173.61
2022-04-13,43.64,39.13,0.0,173.61
2022-04-14,43.37,38.88,-0.625,171.9
2022-04-15,42.82,38.4,-1.2579,168.48
2022-04-18,42.28,37.91,-1.2739,165.06
2022-04-19,42.14,37.78,-0.3226,164.21
2022-04-20,42.37,37.99,0.5394,165.63
2022-04-21,42.55,38.15,0.4292,166.77
2022-04-22,42.32,37.95,-0.5342,165.35
2022-04-25,41.91,37.58,-0.9667,162.78
2022-04-26,42.0,37.66,0.2169,163.35
2022-04-27,41.64,37.34,-0.8658,161.07
2022-04-28,41.91,37.58,0.655,162.78
2022-04-29,41.73,37.42,-0.4338,161.64
2022-05-03,41.23,36.97,-1.1983,158.51
2022-05-04,41.37,37.09,0.3307,159.36
2022-05-05,41.46,37.17,0.2198,159.93
2022-05-06,41.0,36.76,-1.0965,157.08
2022-05-09,40.23,36.07,-1.8847,152.24
2022-05-10,39.87,35.75,-0.904,149.96
2022-05-11,38.78,34.77,-2.7366,143.11
2022-05-12,37.09,33.26,-4.3376,132.57
2022-05-13,37.82,33.91,1.9608,137.13
2022-05-16,37.5,33.63,-0.8414,135.13
2022-05-17,37.73,33.83,0.6061,136.56
2022-05-18,37.82,33.91,0.241,137.13
2022-05-19,37.37,33.5,-1.2019,134.28
2022-05-20,37.41,33.54,0.1216,134.56
2022-05-23,37.46,33.59,0.1215,134.85
2022-05-24,37.46,33.59,0.0,134.85
2022-05-25,37.87,33.95,1.0922,137.41
2022-05-26,37.91,33.99,0.1201,137.7
2022-05-27,38.37,34.4,1.199,140.55
2022-05-30,38.91,34.89,1.4218,143.97
2022-05-31,38.73,34.73,-0.4673,142.83
2022-06-01,38.28,34.32,-1.1737,139.98
2022-06-02,37.91,33.99,-0.9501,137.7
2022-06-06,37.78,33.87,-0.3597,136.84
2022-06-07,37.59,33.71,-0.4813,135.7
2022-06-08,37.96,34.03,0.9673,137.98
2022-06-09,37.78,33.87,-0.4791,136.84
2022-06-10,37.64,33.75,-0.361,135.99
2022-06-13,37.09,33.26,-1.4493,132.57
2022-06-14,36.46,32.69,-1.7157,128.58
2022-06-15,36.41,32.65,-0.1247,128.29
2022-06-16,36.37,32.61,-0.1248,128.01
2022-06-17,36.0,32.28,-1.0,125.73
2022-06-20,35.32,31.67,-1.894,121.45
2022-06-21,35.87,32.16,1.5444,124.87
2022-06-22,35.91,32.2,0.1268,125.16
2022-06-23,35.46,31.79,-1.2658,122.31
2022-06-24,35.91,32.2,1.2821,125.16
2022-06-27,36.18,32.44,0.7595,126.87
2022-06-28,36.0,32.28,-0.5025,125.73
2022-06-29,35.96,32.24,-0.1263,125.44
2022-06-30,35.91,32.2,-0.1264,125.16
2022-07-01,36.68,32.89,2.1519,130.0
2022-07-04,36.37,32.61,-0.8674,128.01
2022-07-05,37.05,33.22,1.875,132.28
2022-07-06,36.37,32.61,-1.8405,128.01
2022-07-07,37.18,33.34,2.25,133.14
2022-07-08,37.09,33.26,-0.2445,132.57
2022-07-11,37.37,33.5,0.7353,134.28
2022-07-12,37.28,33.42,-0.2433,133.71
2022-07-13,38.0,34.07,1.9512,138.27
2022-07-14,37.91,33.99,-0.2392,137.7
2022-07-15,36.82,33.01,-2.8777,130.86
2022-07-18,37.0,33.18,0.4938,132.0
2022-07-19,37.87,33.95,2.3341,137.41
2022-07-20,37.82,33.91,-0.1201,137.13
2022-07-21,38.05,35.04,3.3367,145.04
2022-07-22,37.7,34.72,-0.9198,142.79
2022-07-25,37.85,34.86,0.3979,143.75
2022-07-26,37.8,34.81,-0.1321,143.43
2022-07-27,37.85,34.86,0.1323,143.75
2022-07-28,38.2,35.18,0.9247,146.01
2022-07-29,38.75,35.69,1.4398,149.55
2022-08-01,39.5,36.38,1.9355,154.38
2022-08-02,39.15,36.06,-0.8861,152.13
2022-08-03,39.1,36.01,-0.1277,151.8
2022-08-04,38.75,35.69,-0.8951,149.55
2022-08-05,38.85,35.78,0.2581,150.19
2022-08-08,38.7,35.64,-0.3861,149.23
2022-08-09,38.75,35.69,0.1292,149.55
2022-08-10,38.75,35.69,0.0,149.55
2022-08-11,39.35,36.24,1.5484,153.41
2022-08-12,39.3,36.19,-0.1271,153.09
2022-08-15,39.3,36.19,0.0,153.09
2022-08-16,39.35,36.24,0.1272,153.41
2022-08-17,40.0,36.84,1.6518,157.6
2022-08-18,39.8,36.65,-0.5,156.31
2022-08-19,39.45,36.33,-0.8794,154.06
2022-08-22,39.15,36.06,-0.7605,152.13
2022-08-23,39.35,36.24,0.5108,153.41
2022-08-24,39.25,36.15,-0.2541,152.77
2022-08-25,39.55,36.42,0.7643,154.7
2022-08-26,39.65,36.52,0.2529,155.35
2022-08-29,39.35,36.24,-0.7566,153.41
2022-08-30,39.25,36.15,-0.2541,152.77
2022-08-31,39.3,36.19,0.1274,153.09
2022-09-01,38.9,35.83,-1.0178,150.52
2022-09-02,38.5,35.46,-1.0283,147.94
2022-09-05,39.1,36.01,1.5584,151.8
2022-09-06,39.85,36.7,1.9182,156.63
2022-09-07,39.7,36.56,-0.3764,155.67
2022-09-08,39.85,36.7,0.3778,156.63
2022-09-12,39.8,36.65,-0.1255,156.31
2022-09-13,39.9,36.75,0.2513,156.96
2022-09-14,39.65,36.52,-0.6266,155.35
2022-09-15,39.55,36.42,-0.2522,154.7
2022-09-16,38.6,35.55,-2.402,148.58
2022-09-19,38.8,35.73,0.5181,149.87
2022-09-20,38.55,35.5,-0.6443,148.26
2022-09-21,38.1,35.09,-1.1673,145.36
2022-09-22,37.55,34.58,-1.4436,141.82
2022-09-23,37.0,34.08,-1.4647,138.28
2022-09-26,35.85,33.02,-3.1081,130.87
2022-09-27,35.8,32.97,-0.1395,130.55
2022-09-28,34.9,32.14,-2.514,124.76
2022-09-29,34.15,31.45,-2.149,119.93
2022-09-30,33.8,31.13,-1.0249,117.67
2022-10-03,33.65,30.99,-0.4438,116.71
2022-10-04,33.85,31.18,0.5943,117.99
2022-10-05,34.15,31.45,0.8863,119.93
2022-10-06,34.3,31.59,0.4392,120.89
2022-10-07,34.25,31.54,-0.1458,120.57
2022-10-11,33.8,31.13,-1.3139,117.67
2022-10-12,33.75,31.08,-0.1479,117.35
2022-10-13,32.65,30.07,-3.2593,110.27
2022-10-14,32.4,29.84,-0.7657,108.66
2022-10-17,31.7,29.19,-2.1605,104.15
2022-10-18,31.45,28.96,-0.7886,102.54
2022-10-19,31.6,29.1,0.477,103.5
2022-10-20,30.9,28.46,-2.2152,99.0
2022-10-21,31.0,28.55,0.3236,99.64
2022-10-24,30.6,28.18,-1.2903,97.06
2022-10-25,29.9,27.54,-2.2876,92.56
2022-10-26,30.3,27.91,1.3378,95.13
2022-10-27,30.85,28.41,1.8152,98.67
2022-10-28,30.5,28.09,-1.1345,96.42
2022-10-31,30.25,27.86,-0.8197,94.81
2022-11-01,30.65,28.23,1.3223,97.39
2022-11-02,30.75,28.32,0.3263,98.03
2022-11-03,30.3,27.91,-1.4634,95.13
2022-11-04,30.45,28.04,0.495,96.1
2022-11-07,31.0,28.55,1.8062,99.64
2022-11-08,31.65,29.15,2.0968,103.83
2022-11-09,31.9,29.38,0.7899,105.44
2022-11-10,31.7,29.19,-0.627,104.15
2022-11-11,32.15,29.61,1.4196,107.05
2022-11-14,34.15,31.45,6.2208,119.93
2022-11-15,33.85,31.18,-0.8785,117.99
2022-11-16,32.9,30.3,-2.8065,111.88
2022-11-17,34.25,31.54,4.1033,120.57
2022-11-18,33.3,30.67,-2.7737,114.45
2022-11-21,32.85,30.25,-1.3514,111.55
2022-11-22,32.65,30.07,-0.6088,110.27
2022-11-23,32.7,30.12,0.1531,110.59
2022-11-24,33.2,30.58,1.529,113.81
2022-11-25,33.55,30.9,1.0542,116.06
2022-11-28,33.0,30.39,-1.6393,112.52
2022-11-29,33.55,30.9,1.6667,116.06
2022-11-30,33.9,31.22,1.0432,118.32
2022-12-01,34.05,31.36,0.4425,119.28
2022-12-02,33.65,30.99,-1.1748,116.71
2022-12-05,33.7,31.04,0.1486,117.03
2022-12-06,33.3,30.67,-1.1869,114.45
2022-12-07,33.35,30.71,0.1501,114.77
2022-12-08,33.2,30.58,-0.4498,113.81
2022-12-09,33.7,31.04,1.506,117.03
2022-12-12,33.85,31.18,0.4451,117.99
2022-12-13,33.7,31.04,-0.4431,117.03
2022-12-14,33.5,30.85,-0.5935,115.74
2022-12-15,33.55,30.9,0.1493,116.06
2022-12-16,34.6,31.87,3.1297,122.82
2022-12-19,33.85,31.18,-2.1676,117.99
2022-12-20,33.7,31.04,-0.4431,117.03
2022-12-21,34.05,31.36,1.0386,119.28
2022-12-22,34.45,31.73,1.1747,121.86
2022-12-23,34.05,31.36,-1.1611,119.28
2022-12-26,34.4,31.68,1.0279,121.54
2022-12-27,34.3,31.59,-0.2907,120.89
2022-12-28,34.3,31.59,0.0,120.89
2022-12-29,33.7,31.04,-1.7493,117.03
2022-12-30,33.65,30.99,-0.1484,116.71
2023-01-03,33.5,30.85,-0.4458,115.74
2023-01-04,33.5,30.85,0.0,115.74
2023-01-05,34.45,31.73,2.8358,121.86
2023-01-06,34.25,31.54,-0.5806,120.57
2023-01-09,34.6,31.87,1.0219,122.82
2023-01-10,34.6,31.87,0.0,122.82
2023-01-11,34.7,31.96,0.289,123.47
2023-01-12,35.4,32.6,2.0173,127.98
2023-01-13,36.15,33.29,2.1187,132.81
2023-01-16,36.5,33.62,0.9682,135.06
2023-01-17,36.0,33.16,-1.3698,131.84
2023-01-30,36.95,34.03,2.6389,137.96
2023-01-31,36.25,33.39,-1.8945,133.45
2023-02-01,36.75,33.85,1.3793,136.67
2023-02-02,36.8,33.89,0.1361,136.99
2023-02-03,36.45,33.57,-0.9511,134.74
2023-02-06,36.15,33.29,-0.823,132.81
2023-02-07,36.65,33.75,1.3831,136.03
2023-02-08,36.75,33.85,0.2729,136.67
2023-02-09,36.6,33.71,-0.4082,135.7
2023-02-10,36.85,33.94,0.6831,137.31
2023-02-13,37.0,34.08,0.4071,138.28
2023-02-14,37.25,34.31,0.6757,139.89
2023-02-15,37.55,34.58,0.8054,141.82
2023-02-16,37.5,34.54,-0.1332,141.5
2023-02-17,38.0,35.0,1.3333,144.72
2023-02-20,38.25,35.23,0.6579,146.33
2023-02-21,38.35,35.32,0.2614,146.97
2023-02-22,38.05,35.04,-0.7823,145.04
2023-02-23,39.5,36.38,3.8108,154.38
2023-02-24,39.15,36.06,-0.8861,152.13
2023-03-01,37.8,34.81,-3.4483,143.43
2023-03-02,37.9,34.91,0.2646,144.08
2023-03-03,37.75,34.77,-0.3958,143.11
2023-03-06,37.95,34.95,0.5298,144.4
2023-03-07,37.95,34.95,0.0,144.4
2023-03-08,37.75,34.77,-0.527,143.11
2023-03-09,37.2,34.26,-1.4569,139.57
2023-03-10,36.7,33.8,-1.3441,136.35
2023-03-13,36.75,33.85,0.1362,136.67
2023-03-14,36.75,33.85,0.0,136.67
2023-03-15,37.1,34.17,0.9524,138.92
2023-03-16,36.35,33.48,-2.0216,134.09
2023-03-17,36.4,33.52,0.1376,134.42
2023-03-20,36.9,33.98,1.3736,137.64
2023-03-21,37.05,34.12,0.4065,138.6
2023-03-22,37.2,34.26,0.4049,139.57
2023-03-23,37.35,34.4,0.4032,140.53
2023-03-24,37.6,34.63,0.6693,142.14
2023-03-27,36.65,33.75,-2.5266,136.03
2023-03-28,36.2,33.34,-1.2278,133.13
2023-03-29,36.35,33.48,0.4144,134.09
2023-03-30,36.2,33.34,-0.4126,133.13
2023-03-31,36.4,33.52,0.5525,134.42
2023-04-06,36.45,33.57,0.1374,134.74
2023-04-07,36.4,33.52,-0.1372,134.42
2023-04-10,36.6,33.71,0.5494,135.7
2023-04-11,37.45,34.49,2.3224,141.18
2023-04-12,37.45,34.49,0.0,141.18
2023-04-13,37.55,34.58,0.267,141.82
2023-04-14,37.55,34.58,0.0,141.82
2023-04-17,37.95,34.95,1.0653,144.4
2023-04-18,37.45,34.49,-1.3175,141.18
2023-04-19,37.1,34.17,-0.9346,138.92
2023-04-20,37.2,34.26,0.2696,139.57
2023-04-21,38.3,35.27,2.957,146.65
2023-04-24,39.55,36.42,3.2637,154.7
2023-04-25,38.5,35.46,-2.6549,147.94
2023-04-26,39.1,36.01,1.5584,151.8
2023-04-27,38.65,35.6,-1.1509,148.91
2023-04-28,38.7,35.64,0.1294,149.23
2023-05-02,39.9,36.75,3.1008,156.96
2023-05-03,39.5,36.38,-1.0025,154.38
2023-05-04,39.45,36.33,-0.1266,154.06
2023-05-05,39.3,36.19,-0.3802,153.09
2023-05-08,39.6,36.47,0.7634,155.02
2023-05-09,38.65,35.6,-2.399,148.91
2023-05-10,38.85,35.78,0.5175,150.19
2023-05-11,38.2,35.18,-1.6731,146.01
2023-05-12,37.8,34.81,-1.0471,143.43
2023-05-15,37.35,34.4,-1.1905,140.53
2023-05-16,37.75,34.77,1.0709,143.11
2023-05-17,37.9,34.91,0.3974,144.08
2023-05-18,37.85,34.86,-0.1319,143.75
2023-05-19,37.85,34.86,0.0,143.75
2023-05-22,38.25,35.23,1.0568,146.33
2023-05-23,37.9,34.91,-0.915,144.08
2023-05-24,37.85,34.86,-0.1319,143.75
2023-05-25,38.05,35.04,0.5284,145.04
2023-05-26,38.0,35.0,-0.1314,144.72
2023-05-29,38.15,35.14,0.3947,145.69
2023-05-30,38.3,35.27,0.3932,146.65
2023-05-31,37.9,34.91,-1.0444,144.08
2023-06-01,37.75,34.77,-0.3958,143.11
2023-06-02,38.55,35.5,2.1192,148.26
2023-06-05,38.85,35.78,0.7782,150.19
2023-06-06,38.8,35.73,-0.1287,149.87
2023-06-07,38.8,35.73,0.0,149.87
2023-06-08,38.5,35.46,-0.7732,147.94
2023-06-09,38.45,35.41,-0.1299,147.62
2023-06-12,38.25,35.23,-0.5202,146.33
2023-06-13,38.25,35.23,0.0,146.33
2023-06-14,38.35,35.32,0.2614,146.97
2023-06-15,38.35,35.32,0.0,146.97
2023-06-16,38.7,35.64,0.9126,149.23
2023-06-19,38.7,35.64,0.0,149.23
2023-06-20,38.55,35.5,-0.3876,148.26
2023-06-21,38.7,35.64,0.3891,149.23
2023-06-26,38.8,35.73,0.2584,149.87
2023-06-27,38.45,35.41,-0.9021,147.62
2023-06-28,38.05,35.04,-1.0403,145.04
2023-06-29,38.05,35.04,0.0,145.04
2023-06-30,38.05,35.04,0.0,145.04
2023-07-03,38.25,35.23,0.5256,146.33
2023-07-04,38.05,35.04,-0.5229,145.04
2023-07-05,37.8,34.81,-0.657,143.43
2023-07-06,37.25,34.31,-1.455,139.89
2023-07-07,37.3,34.35,0.1342,140.21
2023-07-10,36.85,33.94,-1.2064,137.31
2023-07-11,36.55,34.12,0.5494,138.62
2023-07-12,36.6,34.17,0.1368,138.94
2023-07-13,36.8,34.36,0.5465,140.25
2023-07-14,37.0,34.54,0.5435,141.56
2023-07-17,36.75,34.31,-0.6757,139.92
2023-07-18,37.1,34.64,0.9524,142.21
2023-07-19,36.6,34.17,-1.3477,138.94
2023-07-20,36.55,34.12,-0.1366,138.62
2023-07-21,36.1,33.7,-1.2312,135.68
2023-07-24,36.5,34.08,1.108,138.29
2023-07-25,37.4,34.92,2.4658,144.17
2023-07-26,37.25,34.78,-0.4011,143.19
2023-07-27,37.35,34.87,0.2684,143.84
2023-07-28,37.35,34.87,0.0,143.84
2023-07-31,37.3,34.82,-0.1339,143.51
2023-08-01,37.55,35.06,0.6702,145.15
2023-08-02,37.2,34.73,-0.9321,142.86
2023-08-04,37.35,34.87,0.4032,143.84
2023-08-07,37.65,35.15,0.8032,145.8
2023-08-08,37.1,34.64,-1.4608,142.21
2023-08-09,37.15,34.68,0.1348,142.53
2023-08-10,36.85,34.4,-0.8075,140.58
2023-08-11,37.4,34.92,1.4925,144.17
2023-08-14,36.85,34.4,-1.4706,140.58
2023-08-15,36.7,34.26,-0.4071,139.6
2023-08-16,36.05,33.66,-1.7711,135.35
2023-08-17,35.65,33.28,-1.1096,132.74
2023-08-18,35.15,32.82,-1.4025,129.48
2023-08-21,35.4,33.05,0.7112,131.11
2023-08-22,35.4,33.05,0.0,131.11
2023-08-23,35.3,32.96,-0.2825,130.46
2023-08-24,35.3,32.96,0.0,130.46
2023-08-25,35.1,32.77,-0.5666,129.15
2023-08-28,35.2,32.86,0.2849,129.8
2023-08-29,35.4,33.05,0.5682,131.11
2023-08-30,35.3,32.96,-0.2825,130.46
2023-08-31,34.95,32.63,-0.9915,128.17
2023-09-01,35.25,32.91,0.8584,130.13
2023-09-04,35.2,32.86,-0.1418,129.8
2023-09-05,35.0,32.68,-0.5682,128.5
2023-09-06,34.4,32.12,-1.7143,124.58
2023-09-07,34.35,32.07,-0.1454,124.26
2023-09-08,34.1,31.84,-0.7278,122.62
2023-09-11,34.2,31.93,0.2933,123.28
2023-09-12,34.6,32.3,1.1696,125.89
2023-09-13,35.3,32.96,2.0231,130.46
2023-09-14,35.5,33.14,0.5666,131.76
2023-09-15,35.1,32.77,-1.1268,129.15
2023-09-18,35.1,32.77,0.0,129.15
2023-09-19,34.8,32.49,-0.8547,127.19
2023-09-20,34.35,32.07,-1.2931,124.26
2023-09-21,33.8,31.56,-1.6012,120.66
2023-09-22,33.5,31.28,-0.8876,118.71
2023-09-25,33.1,30.9,-1.194,116.09
2023-09-26,33.0,30.81,-0.3021,115.44
2023-09-27,33.05,30.86,0.1515,115.77
2023-09-28,33.25,31.04,0.6051,117.07
2023-10-02,33.1,30.9,-0.4511,116.09
2023-10-03,33.2,31.0,0.3021,116.75
2023-10-04,32.9,30.72,-0.9036,114.79
2023-10-05,32.75,30.58,-0.4559,113.81
2023-10-06,32.8,30.62,0.1527,114.14
2023-10-11,33.1,30.9,0.9146,116.09
2023-10-12,33.7,31.46,1.8127,120.01
2023-10-13,33.8,31.56,0.2967,120.66
2023-10-16,33.6,31.37,-0.5917,119.36
2023-10-17,33.45,31.23,-0.4464,118.38
2023-10-18,32.45,30.3,-2.9895,111.85
2023-10-19,31.9,29.78,-1.6949,108.26
2023-10-20,31.75,29.64,-0.4702,107.28
2023-10-23,31.65,29.55,-0.315,106.63
2023-10-24,31.5,29.41,-0.4739,105.65
2023-10-25,31.55,29.46,0.1587,105.98
2023-10-26,31.45,29.36,-0.3169,105.32
2023-10-27,31.85,29.74,1.2719,107.93
2023-10-30,32.0,29.88,0.471,108.91
2023-10-31,32.25,30.11,0.7813,110.55
2023-11-01,32.1,29.97,-0.4651,109.57
2023-11-02,32.35,30.2,0.7788,111.2
2023-11-03,32.9,30.72,1.7002,114.79
2023-11-06,32.8,30.62,-0.304,114.14
2023-11-07,32.55,30.39,-0.7622,112.5
2023-11-08,32.9,30.72,1.0753,114.79
2023-11-09,32.9,30.72,0.0,114.79
2023-11-10,32.85,30.67,-0.152,114.46
2023-11-13,32.8,30.62,-0.1522,114.14
2023-11-14,32.5,30.34,-0.9146,112.18
2023-11-15,33.15,30.95,2.0,116.42
2023-11-16,33.05,30.86,-0.3017,115.77
2023-11-17,33.2,31.0,0.4539,116.75
2023-11-20,33.6,31.37,1.2048,119.36
2023-11-21,34.2,31.93,1.7857,123.28
2023-11-22,33.85,31.6,-1.0234,120.99
2023-11-23,34.0,31.74,0.4431,121.97
2023-11-24,33.75,31.51,-0.7353,120.34
2023-11-27,33.95,31.7,0.5926,121.64
2023-11-28,34.5,32.21,1.62,125.23
2023-11-29,34.25,31.98,-0.7246,123.6
2023-11-30,34.95,32.63,2.0438,128.17
2023-12-01,34.4,32.12,-1.5737,124.58
2023-12-04,34.05,31.79,-1.0174,122.3
2023-12-05,34.9,32.58,2.4963,127.85
2023-12-06,34.6,32.3,-0.8596,125.89
2023-12-07,34.5,32.21,-0.289,125.23
2023-12-08,34.6,32.3,0.2899,125.89
2023-12-11,34.4,32.12,-0.578,124.58
2023-12-12,34.15,31.88,-0.7267,122.95
2023-12-13,34.05,31.79,-0.2928,122.3
2023-12-14,34.4,32.12,1.0279,124.58
2023-12-15,34.3,32.02,-0.2907,123.93
2023-12-18,34.55,32.26,0.7289,125.56
2023-12-19,34.35,32.07,-0.5789,124.26
2023-12-20,34.5,32.21,0.4367,125.23
2023-12-21,34.25,31.98,-0.7246,123.6
2023-12-22,34.3,32.02,0.146,123.93
2023-12-25,34.5,32.21,0.5831,125.23
2023-12-26,34.65,32.35,0.4348,126.21
2023-12-27,34.9,32.58,0.7215,127.85
2023-12-28,34.9,32.58,0.0,127.85
2023-12-29,34.85,32.54,-0.1433,127.52
2024-01-02,34.7,32.4,-0.4304,126.54
2024-01-03,34.2,31.93,-1.4409,123.28
2024-01-04,34.2,31.93,0.0,123.28
2024-01-05,34.35,32.07,0.4386,124.26
2024-01-08,34.25,31.98,-0.2911,123.6
2024-01-09,34.05,31.79,-0.5839,122.3
2024-01-10,33.7,31.46,-1.0279,120.01
2024-01-11,33.7,31.46,0.0,120.01
2024-01-12,33.75,31.51,0.1484,120.34
2024-01-15,33.65,31.42,-0.2963,119.69
2024-01-16,32.9,30.72,-2.2288,114.79
2024-01-17,32.2,30.06,-2.1277,110.22
2024-01-18,32.05,29.92,-0.4658,109.24
2024-01-19,32.4,30.25,1.092,111.52
2024-01-22,32.3,30.16,-0.3087,110.87
2024-01-23,32.7,30.53,1.2384,113.48
2024-01-24,32.6,30.44,-0.3058,112.83
2024-01-25,32.7,30.53,0.3068,113.48
2024-01-26,32.6,30.44,-0.3058,112.83
2024-01-29,32.35,30.2,-0.7669,111.2
2024-01-30,32.0,29.88,-1.0819,108.91
2024-01-31,31.9,29.78,-0.3125,108.26
2024-02-01,32.45,30.3,1.7241,111.85
2024-02-02,32.25,30.11,-0.6163,110.55
2024-02-05,32.15,30.02,-0.3101,109.89
2024-02-15,32.0,29.88,-0.4666,108.91
2024-02-16,31.9,29.78,-0.3125,108.26
2024-02-19,32.8,30.62,2.8213,114.14
2024-02-20,32.65,30.48,-0.4573,113.16
2024-02-21,32.5,30.34,-0.4594,112.18
2024-02-22,32.55,30.39,0.1538,112.5
2024-02-23,32.4,30.25,-0.4608,111.52
2024-02-26,32.15,30.02,-0.7716,109.89
2024-02-27,31.85,29.74,-0.9331,107.93
2024-02-29,32.1,29.97,0.7849,109.57
2024-03-01,32.05,29.92,-0.1558,109.24
2024-03-04,32.05,29.92,0.0,109.24
2024-03-05,32.0,29.88,-0.156,108.91
2024-03-06,32.0,29.88,0.0,108.91
2024-03-07,32.0,29.88,0.0,108.91
2024-03-08,31.85,29.74,-0.4688,107.93
2024-03-11,31.8,29.69,-0.157,107.61
2024-03-12,32.0,29.88,0.6289,108.91
2024-03-13,31.7,29.6,-0.9375,106.95
2024-03-14,32.0,29.88,0.9464,108.91
2024-03-15,31.95,29.83,-0.1563,108.59
2024-03-18,31.7,29.6,-0.7825,106.95
2024-03-19,31.4,29.32,-0.9464,105.0
2024-03-20,30.9,28.85,-1.5924,101.73
2024-03-21,31.5,29.41,1.9417,105.65
2024-03-22,31.15,29.08,-1.1111,103.36
2024-03-25,31.1,29.04,-0.1605,103.04
2024-03-26,31.55,29.46,1.4469,105.98
2024-03-27,31.7,29.6,0.4754,106.95
2024-03-28,31.7,29.6,0.0,106.95
2024-03-29,31.9,29.78,0.6309,108.26
2024-04-01,32.15,30.02,0.7837,109.89
2024-04-02,31.95,29.83,-0.6221,108.59
2024-04-03,32.0,29.88,0.1565,108.91
2024-04-08,32.3,30.16,0.9375,110.87
2024-04-09,32.45,30.3,0.4644,111.85
2024-04-10,32.7,30.53,0.7704,113.48
2024-04-11,32.4,30.25,-0.9174,111.52
2024-04-12,32.2,30.06,-0.6173,110.22
2024-04-15,32.35,30.2,0.4658,111.2
2024-04-16,32.45,30.3,0.3091,111.85
2024-04-17,32.65,30.48,0.6163,113.16
2024-04-18,32.7,30.53,0.1531,113.48
2024-04-19,32.0,29.88,-2.1407,108.91
2024-04-22,32.6,30.44,1.875,112.83
2024-04-23,32.35,30.2,-0.7669,111.2
2024-04-24,32.15,30.02,-0.6182,109.89
2024-04-25,32.0,29.88,-0.4666,108.91
2024-04-26,31.8,29.69,-0.625,107.61
2024-04-29,32.35,30.2,1.7296,111.2
2024-04-30,32.05,29.92,-0.9274,109.24
2024-05-02,32.3,30.16,0.78,110.87
2024-05-03,32.4,30.25,0.3096,111.52
2024-05-06,33.0,30.81,1.8519,115.44
2024-05-07,33.2,31.0,0.6061,116.75
2024-05-08,33.1,30.9,-0.3012,116.09
2024-05-09,32.65,30.48,-1.3595,113.16
2024-05-10,33.3,31.09,1.9908,117.4
2024-05-13,33.7,31.46,1.2012,120.01
2024-05-14,33.35,31.14,-1.0386,117.73
2024-05-15,33.3,31.09,-0.1499,117.4
2024-05-16,33.6,31.37,0.9009,119.36
2024-05-17,33.9,31.65,0.8929,121.32
2024-05-20,33.85,31.6,-0.1475,120.99
2024-05-21,33.35,31.14,-1.4771,117.73
2024-05-22,34.35,32.07,2.9985,124.26
2024-05-23,34.0,31.74,-1.0189,121.97
2024-05-24,34.05,31.79,0.1471,122.3
2024-05-27,33.8,31.56,-0.7342,120.66
2024-05-28,33.95,31.7,0.4438,121.64
2024-05-29,33.2,31.0,-2.2091,116.75
2024-05-30,32.85,30.67,-1.0542,114.46
2024-05-31,33.0,30.81,0.4566,115.44
2024-06-03,33.0,30.81,0.0,115.44
2024-06-04,32.7,30.53,-0.9091,113.48
2024-06-05,32.7,30.53,0.0,113.48
2024-06-06,32.7,30.53,0.0,113.48
2024-06-07,33.05,30.86,1.0703,115.77
2024-06-11,32.85,30.67,-0.6052,114.46
2024-06-12,33.0,30.81,0.4566,115.44
2024-06-13,33.45,31.23,1.3636,118.38
2024-06-14,34.0,31.74,1.6442,121.97
2024-06-17,34.0,31.74,0.0,121.97
2024-06-18,33.9,31.65,-0.2941,121.32
2024-06-19,34.05,31.79,0.4425,122.3
2024-06-20,34.15,31.88,0.2937,122.95
2024-06-21,34.65,32.35,1.4641,126.21
2024-06-24,34.25,31.98,-1.1544,123.6
2024-06-25,34.5,32.21,0.7299,125.23
2024-06-26,34.4,32.12,-0.2898,124.58
2024-06-27,34.25,31.98,-0.436,123.6
2024-06-28,34.2,31.93,-0.146,123.28
2024-07-01,33.55,32.27,1.0542,125.63
2024-07-02,33.7,32.41,0.4471,126.64
2024-07-03,34.0,32.7,0.8902,128.66
2024-07-04,34.15,32.84,0.4412,129.66
2024-07-05,34.45,33.13,0.8785,131.68
2024-07-08,34.6,33.28,0.4354,132.69
2024-07-09,34.0,32.7,-1.7341,128.66
2024-07-10,33.85,32.56,-0.4412,127.65
2024-07-11,34.05,32.75,0.5909,128.99
2024-07-12,34.25,32.94,0.5874,130.34
2024-07-15,34.1,32.8,-0.438,129.33
2024-07-16,34.15,32.84,0.1466,129.66
2024-07-17,34.5,33.18,1.0249,132.02
2024-07-18,34.8,33.47,0.8696,134.04
2024-07-19,34.6,33.28,-0.5747,132.69
2024-07-22,34.35,33.04,-0.7225,131.01
2024-07-23,34.95,33.61,1.7467,135.04
2024-07-26,34.9,33.57,-0.1431,134.71
2024-07-29,34.9,33.57,0.0,134.71
2024-07-30,34.65,33.32,-0.7163,133.03
2024-07-31,34.65,33.32,0.0,133.03
2024-08-01,34.6,33.28,-0.1443,132.69
2024-08-02,34.3,32.99,-0.8671,130.67
2024-08-05,33.1,31.83,-3.4985,122.6
2024-08-06,33.8,32.51,2.1148,127.31
2024-08-07,33.8,32.51,0.0,127.31
2024-08-08,34.0,32.7,0.5917,128.66
2024-08-09,34.5,33.18,1.4706,132.02
2024-08-12,34.45,33.13,-0.1449,131.68
2024-08-13,34.6,33.28,0.4354,132.69
2024-08-14,33.6,32.32,-2.8902,125.97
2024-08-15,32.9,31.64,-2.0833,121.26
2024-08-16,32.85,31.59,-0.152,120.92
2024-08-19,32.7,31.45,-0.4566,119.91
2024-08-20,32.8,31.55,0.3058,120.59
2024-08-21,32.8,31.55,0.0,120.59
2024-08-22,33.05,31.79,0.7622,122.27
2024-08-23,32.95,31.69,-0.3026,121.59
2024-08-26,33.15,31.88,0.607,122.94
2024-08-27,33.05,31.79,-0.3017,122.27
2024-08-28,32.9,31.64,-0.4538,121.26
2024-08-29,32.95,31.69,0.152,121.59
2024-08-30,32.95,31.69,0.0,121.59
2024-09-02,32.75,31.5,-0.607,120.25
2024-09-03,32.15,30.92,-1.8321,116.21
2024-09-04,31.75,30.54,-1.2442,113.52
2024-09-05,31.55,30.34,-0.6299,112.18
2024-09-06,31.75,30.54,0.6339,113.52
2024-09-09,31.55,30.34,-0.6299,112.18
2024-09-10,31.45,30.25,-0.317,111.51
2024-09-11,31.3,30.1,-0.477,110.5
2024-09-12,31.5,30.3,0.639,111.84
2024-09-13,31.8,30.58,0.9524,113.86
2024-09-16,32.2,30.97,1.2579,116.55
2024-09-18,32.1,30.87,-0.3106,115.88
2024-09-19,32.2,30.97,0.3115,116.55
2024-09-20,32.3,31.06,0.3106,117.22
2024-09-23,32.2,30.97,-0.3096,116.55
2024-09-24,32.25,31.02,0.1553,116.89
2024-09-25,32.75,31.5,1.5504,120.25
2024-09-26,32.6,31.35,-0.458,119.24
2024-09-27,33.3,32.03,2.1472,123.95
2024-09-30,33.8,32.51,1.5015,127.31
2024-10-01,33.7,32.41,-0.2959,126.64
2024-10-04,33.8,32.51,0.2967,127.31
2024-10-07,33.5,32.22,-0.8876,125.29
2024-10-08,33.05,31.79,-1.3433,122.27
2024-10-09,32.45,31.21,-1.8154,118.23
2024-10-11,32.5,31.26,0.1541,118.57
2024-10-14,32.55,31.31,0.1538,118.9
2024-10-15,32.5,31.26,-0.1536,118.57
2024-10-16,32.15,30.92,-1.0769,116.21
2024-10-17,32.5,31.26,1.0886,118.57
2024-10-18,32.75,31.5,0.7692,120.25
2024-10-21,32.3,31.06,-1.374,117.22
2024-10-22,32.15,30.92,-0.4644,116.21
2024-10-23,32.2,30.97,0.1555,116.55
2024-10-24,32.0,30.78,-0.6211,115.21
2024-10-25,32.05,30.82,0.1563,115.54
2024-10-28,32.15,30.92,0.312,116.21
2024-10-29,32.1,30.87,-0.1555,115.88
2024-10-30,31.95,30.73,-0.4673,114.87
2024-11-01,32.1,30.87,0.4695,115.88
2024-11-04,32.45,31.21,1.0904,118.23
2024-11-05,32.55,31.31,0.3082,118.9
2024-11-06,32.05,30.82,-1.5361,115.54
2024-11-07,31.95,30.73,-0.312,114.87
2024-11-08,31.9,30.68,-0.1565,114.53
2024-11-11,32.25,31.02,1.0972,116.89
2024-11-12,32.45,31.21,0.6202,118.23
2024-11-13,32.45,31.21,0.0,118.23
2024-11-14,32.35,31.11,-0.3082,117.56
2024-11-15,33.15,31.88,2.473,122.94
2024-11-18,33.25,31.98,0.3017,123.61
2024-11-19,33.5,32.22,0.7519,125.29
2024-11-20,33.5,32.22,0.0,125.29
2024-11-21,33.2,31.93,-0.8955,123.28
2024-11-22,33.35,32.07,0.4518,124.28
2024-11-25,33.9,32.6,1.6492,127.98
2024-11-26,33.8,32.51,-0.295,127.31
2024-11-27,33.4,32.12,-1.1834,124.62
2024-11-28,33.4,32.12,0.0,124.62
2024-11-29,33.5,32.22,0.2994,125.29
2024-12-02,33.3,32.03,-0.597,123.95
2024-12-03,33.8,32.51,1.5015,127.31
2024-12-04,33.8,32.51,0.0,127.31
2024-12-05,33.6,32.32,-0.5917,125.97
2024-12-06,33.7,32.41,0.2976,126.64
2024-12-09,33.55,32.27,-0.4451,125.63
2024-12-10,33.15,31.88,-1.1922,122.94
2024-12-11,33.3,32.03,0.4525,123.95
2024-12-12,33.2,31.93,-0.3003,123.28
2024-12-13,32.8,31.55,-1.2048,120.59
2024-12-16,32.45,31.21,-1.0671,118.23
2024-12-17,32.35,31.11,-0.3082,117.56
2024-12-18,32.5,31.26,0.4637,118.57
2024-12-19,32.2,30.97,-0.9231,116.55
2024-12-20,31.85,30.63,-1.087,114.2
2024-12-23,32.25,31.02,1.2559,116.89
2024-12-24,32.25,31.02,0.0,116.89
2024-12-25,32.25,31.02,0.0,116.89
2024-12-26,32.1,30.87,-0.4651,115.88
2024-12-27,31.9,30.68,-0.623,114.53
2024-12-30,31.7,30.49,-0.627,113.19
2024-12-31,31.7,30.49,0.0,113.19
2025-01-02,31.6,30.39,-0.3155,112.52
2025-01-03,31.5,30.3,-0.3165,111.84
2025-01-06,31.85,30.63,1.1111,114.2
2025-01-07,31.5,30.3,-1.0989,111.84
2025-01-08,31.45,30.25,-0.1587,111.51
2025-01-09,30.8,29.62,-2.0668,107.14
2025-01-10,30.25,29.09,-1.7857,103.44
2025-01-13,30.5,29.33,0.8264,105.12
2025-01-14,30.6,29.43,0.3279,105.79
2025-01-15,30.8,29.62,0.6536,107.14
2025-01-16,30.95,29.77,0.487,108.14
2025-01-17,31.7,30.49,2.4233,113.19
2025-01-20,31.85,30.63,0.4732,114.2
2025-01-21,31.8,30.58,-0.157,113.86
2025-01-22,31.85,30.63,0.1572,114.2
2025-02-03,31.75,30.54,-0.314,113.52
2025-02-04,31.25,30.05,-1.5748,110.16
2025-02-05,31.1,29.91,-0.48,109.15
2025-02-06,31.5,30.3,1.2862,111.84
2025-02-07,31.2,30.01,-0.9524,109.83
2025-02-10,31.15,29.96,-0.1603,109.49
2025-02-11,31.5,30.3,1.1236,111.84
2025-02-12,31.9,30.68,1.2698,114.53
2025-02-13,33.45,32.17,4.8589,124.96
2025-02-14,33.05,31.79,-1.1958,122.27
2025-02-17,33.5,32.22,1.3616,125.29
2025-02-18,33.45,32.17,-0.1493,124.96
2025-02-19,33.05,31.79,-1.1958,122.27
2025-02-20,33.95,32.65,2.7232,128.32
2025-02-21,34.2,32.89,0.7364,130.0
2025-02-24,34.0,32.7,-0.5848,128.66
2025-02-25,34.95,33.61,2.7941,135.04
2025-02-26,35.25,33.9,0.8584,137.06
2025-02-27,35.1,33.76,-0.4255,136.05
2025-03-03,35.0,33.66,-0.2849,135.38
2025-03-04,34.6,33.28,-1.1429,132.69
2025-03-05,35.15,33.81,1.5896,136.39
2025-03-06,34.8,33.47,-0.9957,134.04
2025-03-07,34.5,33.18,-0.8621,132.02
2025-03-10,34.75,33.42,0.7246,133.7
2025-03-11,34.8,33.47,0.1439,134.04
2025-03-12,34.5,33.18,-0.8621,132.02
2025-03-13,33.4,32.12,-3.1884,124.62
2025-03-14,33.85,32.56,1.3473,127.65
2025-03-17,33.7,32.41,-0.4431,126.64
2025-03-18,33.6,32.32,-0.2967,125.97
2025-03-19,33.65,32.36,0.1488,126.3
2025-03-20,33.7,32.41,0.1486,126.64
2025-03-21,33.5,32.22,-0.5935,125.29
2025-03-24,33.15,31.88,-1.0448,122.94
2025-03-25,32.8,31.55,-1.0558,120.59
2025-03-26,33.05,31.79,0.7622,122.27
2025-03-27,33.25,31.98,0.6051,123.61
2025-03-28,32.85,31.59,-1.203,120.92
2025-03-31,32.05,30.82,-2.4353,115.54
2025-04-01,32.4,31.16,1.092,117.9
2025-04-02,32.4,31.16,0.0,117.9
2025-04-07,29.8,28.66,-8.0247,100.41
2025-04-08,29.65,28.52,-0.5034,99.4
2025-04-09,28.5,27.41,-3.8786,91.67
2025-04-10,30.75,29.57,7.8947,106.8
2025-04-11,30.0,28.85,-2.439,101.76
2025-04-14,29.9,28.76,-0.3333,101.08
2025-04-15,29.9,28.76,0.0,101.08
2025-04-16,29.5,28.37,-1.3378,98.39
2025-04-17,29.35,28.23,-0.5085,97.38
2025-04-18,28.95,27.84,-1.3629,94.69
2025-04-21,28.7,27.6,-0.8636,93.01
2025-04-22,28.6,27.51,-0.3484,92.34
2025-04-23,29.25,28.13,2.2727,96.71
2025-04-24,29.25,28.13,0.0,96.71
2025-04-25,29.35,28.23,0.3419,97.38
2025-04-28,29.35,28.23,0.0,97.38
2025-04-29,29.5,28.37,0.5111,98.39
2025-04-30,29.65,28.52,0.5085,99.4
2025-05-02,29.95,28.8,1.0118,101.42
2025-05-05,30.6,29.43,2.1703,105.79
2025-05-06,30.55,29.38,-0.1634,105.45
2025-05-07,30.85,29.67,0.982,107.47
2025-05-08,30.55,29.38,-0.9725,105.45
2025-05-09,30.75,29.57,0.6547,106.8
2025-05-12,31.2,30.01,1.4634,109.83
2025-05-13,31.1,29.91,-0.3205,109.15
2025-05-14,30.35,29.19,-2.4116,104.11
2025-05-15,30.1,28.95,-0.8237,102.43
2025-05-16,30.1,28.95,0.0,102.43
2025-05-19,29.8,28.66,-0.9967,100.41
2025-05-20,30.15,29.0,1.1745,102.76
2025-05-21,30.3,29.14,0.4975,103.77
2025-05-22,30.0,28.85,-0.9901,101.76
2025-05-23,29.75,28.61,-0.8333,100.07
2025-05-26,29.85,28.71,0.3361,100.75
2025-05-27,29.35,28.23,-1.675,97.38
2025-05-28,29.1,27.99,-0.8518,95.7
2025-05-29,29.35,28.23,0.8591,97.38
2025-06-02,27.7,26.64,-5.6218,86.29
2025-06-03,26.85,25.82,-3.0686,80.57
2025-06-04,27.0,25.97,0.5587,81.58
2025-06-05,27.5,26.45,1.8519,84.94
2025-06-06,27.55,26.5,0.1818,85.28
2025-06-09,27.2,26.16,-1.2704,82.92
2025-06-10,27.15,26.11,-0.1838,82.59
2025-06-11,27.3,26.26,0.5525,83.6
2025-06-12,27.05,26.02,-0.9157,81.92
2025-06-13,26.9,25.87,-0.5545,80.91
2025-06-16,26.8,25.78,-0.3717,80.23
2025-06-17,26.75,25.73,-0.1866,79.9
2025-06-18,26.5,25.49,-0.9346,78.22
2025-06-19,26.05,25.05,-1.6981,75.19
2025-06-20,25.5,24.52,-2.1113,71.49
2025-06-23,25.1,24.14,-1.5686,68.8
2025-06-24,25.75,24.77,2.5896,73.17
2025-06-25,25.7,24.72,-0.1942,72.84
2025-06-26,25.8,24.81,0.3891,73.51
2025-06-27,26.2,25.2,1.5504,76.2
2025-06-30,25.5,24.52,-2.6718,71.49
2025-07-01,26.15,25.15,2.549,75.86
2025-07-02,25.25,25.25,0.3976,76.56
2025-07-03,25.35,25.35,0.396,77.26
2025-07-04,25.0,25.0,-1.3807,74.81
2025-07-07,24.85,24.85,-0.6,73.77
2025-07-08,24.35,24.35,-2.0121,70.27
2025-07-09,24.1,24.1,-1.0267,68.52
2025-07-10,24.0,24.0,-0.4149,67.82
2025-07-11,23.65,23.65,-1.4583,65.37
2025-07-14,23.4,23.4,-1.0571,63.63
2025-07-15,23.35,23.35,-0.2137,63.28
2025-07-16,23.0,23.0,-1.4989,60.83
2025-07-17,23.65,23.65,2.8261,65.37
2025-07-18,23.45,23.45,-0.8457,63.98
2025-07-21,23.45,23.45,0.0,63.98
2025-07-22,23.75,23.75,1.2793,66.07
2025-07-23,24.5,24.5,3.1579,71.32
2025-07-24,24.2,24.2,-1.2245,69.22
2025-07-25,24.2,24.2,0.0,69.22
2025-07-28,24.45,24.45,1.0331,70.97
2025-07-29,24.1,24.1,-1.4315,68.52
2025-07-30,24.85,24.85,3.112,73.77
2025-07-31,24.3,24.3,-2.2133,69.92
2025-08-04,24.15,24.15,-0.6173,68.87
2025-08-05,24.45,24.45,1.2422,70.97
2025-08-06,24.35,24.35,-0.409,70.27
2025-08-07,24.3,24.3,-0.2053,69.92
2025-08-08,24.35,24.35,0.2058,70.27
2025-08-11,24.6,24.6,1.0267,72.02
2025-08-12,24.75,24.75,0.6098,73.07
2025-08-13,24.75,24.75,0.0,73.07
2025-08-14,23.8,23.8,-3.8384,66.42
2025-08-15,23.7,23.7,-0.4202,65.72
2025-08-18,23.9,23.9,0.8439,67.12
2025-08-19,23.3,23.3,-2.5105,62.93
2025-08-20,23.35,23.35,0.2146,63.28
2025-08-21,23.2,23.2,-0.6424,62.23
2025-08-22,23.1,23.1,-0.431,61.53
2025-08-25,23.3,23.3,0.8658,62.93
2025-08-26,23.1,23.1,-0.8584,61.53
2025-08-27,23.0,23.0,-0.4329,60.83
2025-08-28,22.8,22.8,-0.8696,59.43
2025-08-29,22.45,22.45,-1.5351,56.98
2025-09-01,22.35,22.35,-0.4454,56.28
2025-09-02,22.1,22.1,-1.1186,54.54
2025-09-03,22.35,22.35,1.1312,56.28
2025-09-04,22.65,22.65,1.3423,58.38
2025-09-05,22.65,22.65,0.0,58.38
2025-09-08,22.3,22.3,-1.5453,55.93
2025-09-09,22.4,22.4,0.4484,56.63
2025-09-10,22.95,22.95,2.4554,60.48
2025-09-11,22.3,22.3,-2.8323,55.93
2025-09-12,22.35,22.35,0.2242,56.28
2025-09-15,22.35,22.35,0.0,56.28
2025-09-16,22.25,22.25,-0.4474,55.58
2025-09-17,22.2,22.2,-0.2247,55.24
2025-09-18,22.2,22.2,0.0,55.24
2025-09-19,23.35,23.35,5.1802,63.28
2025-09-22,24.6,24.6,5.3533,72.02
2025-09-23,23.75,23.75,-3.4553,66.07
2025-09-24,23.45,23.45,-1.2632,63.98
2025-09-25,23.95,23.95,2.1322,67.47
2025-09-26,23.8,23.8,-0.6263,66.42
2025-09-30,24.0,24.0,0.8403,67.82
2025-10-01,23.8,23.8,-0.8333,66.42
2025-10-02,23.75,23.75,-0.2101,66.07
2025-10-03,23.7,23.7,-0.2105,65.72
2025-10-07,23.6,23.6,-0.4219,65.02
2025-10-08,23.4,23.4,-0.8475,63.63
2025-10-09,23.45,23.45,0.2137,63.98
2025-10-13,23.0,23.0,-1.919,60.83
2025-10-14,22.9,22.9,-0.4348,60.13
2025-10-15,22.95,22.95,0.2183,60.48
2025-10-16,23.0,23.0,0.2179,60.83
2025-10-17,23.35,23.35,1.5217,63.28
2025-10-20,23.25,23.25,-0.4283,62.58
2025-10-21,22.9,22.9,-1.5054,60.13
2025-10-22,22.95,22.95,0.2183,60.48
2025-10-23,23.05,23.05,0.4357,61.18
2025-10-27,22.95,22.95,-0.4338,60.48
2025-10-28,22.8,22.8,-0.6536,59.43
2025-10-29,22.55,22.55,-1.0965,57.68
2025-10-30,22.3,22.3,-1.1086,55.93
2025-10-31,22.1,22.1,-0.8969,54.54
2025-11-03,21.5,21.5,-2.7149,50.34
2025-11-04,21.1,21.1,-1.8605,47.54
2025-11-05,21.1,21.1,0.0,47.54
2025-11-06,21.5,21.5,1.8957,50.34
2025-11-07,21.75,21.75,1.1628,52.09
2025-11-10,21.9,21.9,0.6897,53.14
2025-11-11,22.0,22.0,0.4566,53.84
2025-11-12,22.25,22.25,1.1364,55.58
2025-11-13,21.9,21.9,-1.573,53.14
2025-11-14,21.5,21.5,-1.8265,50.34
2025-11-17,21.5,21.5,0.0,50.34
2025-11-18,20.85,20.85,-3.0233,45.8
2025-11-19,20.4,20.4,-2.1583,42.65
2025-11-20,20.7,20.7,1.4706,44.75
2025-11-21,20.55,20.55,-0.7246,43.7
2025-11-24,21.2,21.2,3.163,48.24
2025-11-25,21.2,21.2,0.0,48.24
2025-11-26,21.95,21.95,3.5377,53.49
2025-11-27,22.1,22.1,0.6834,54.54
2025-11-28,22.85,22.85,3.3937,59.78
2025-12-01,22.8,22.8,-0.2188,59.43
2025-12-02,22.8,22.8,0.0,59.43
2025-12-03,22.9,22.9,0.4386,60.13
2025-12-04,22.95,22.95,0.2183,60.48
2025-12-05,22.7,22.7,-1.0893,58.73
2025-12-08,22.55,22.55,-0.6608,57.68
2025-12-09,22.9,22.9,1.5521,60.13
2025-12-10,22.65,22.65,-1.0917,58.38
2025-12-11,22.35,22.35,-1.3245,56.28
2025-12-12,22.35,22.35,0.0,56.28
2025-12-15,22.85,22.85,2.2371,59.78
2025-12-16,22.3,22.3,-2.407,55.93
2025-12-17,22.4,22.4,0.4484,56.63
2025-12-18,22.2,22.2,-0.8929,55.24
2025-12-19,22.5,22.5,1.3513,57.33
2025-12-22,22.6,22.6,0.4444,58.03
2025-12-23,22.65,22.65,0.2212,58.38
2025-12-24,22.6,22.6,-0.2207,58.03
2025-12-26,22.8,22.8,0.885,59.43
2025-12-29,23.3,23.3,2.193,62.93
2025-12-30,23.6,23.6,1.2876,65.02
2025-12-31,23.2,23.2,-1.6949,62.23
2026-01-02,23.0,23.0,-0.8621,60.83
2026-01-05,23.1,23.1,0.4348,61.53
2026-01-06,23.0,23.0,-0.4329,60.83
2026-01-07,23.65,23.65,2.8261,65.37
2026-01-08,23.45,23.45,-0.8457,63.98
2026-01-09,23.65,23.65,0.8529,65.37
2026-01-12,24.95,24.95,5.4968,74.46
2026-01-13,24.95,24.95,0.0,74.46
2026-01-14,24.95,24.95,0.0,74.46
2026-01-15,25.0,25.0,0.2004,74.81
2026-01-16,25.0,25.0,0.0,74.81
2026-01-19,26.2,26.2,4.8,83.21
2026-01-20,25.85,25.85,-1.3359,80.76
2026-01-21,26.15,26.15,1.1605,82.86
2026-01-22,25.7,25.7,-1.7208,79.71
2026-01-23,25.7,25.7,0.0,79.71
2026-01-26,26.25,26.25,2.1401,83.56
2026-01-27,26.05,26.05,-0.7619,82.16
2026-01-28,26.35,26.35,1.1516,84.25
2026-01-29,26.5,26.5,0.5693,85.3
2026-01-30,26.4,26.4,-0.3774,84.6
2026-02-02,25.9,25.9,-1.8939,81.11
2026-02-03,25.6,25.6,-1.1583,79.01
2026-02-04,25.8,25.8,0.7812,80.41
2026-02-05,25.7,25.7,-0.3876,79.71
2026-02-06,25.35,25.35,-1.3619,77.26
2026-02-09,25.4,25.4,0.1972,77.61
2026-02-10,25.5,25.5,0.3937,78.31
2026-02-11,25.8,25.8,1.1765,80.41
2026-02-23,26.1,26.1,1.1628,82.51
2026-02-24,26.45,26.45,1.341,84.95
2026-02-25,26.55,26.55,0.3781,85.65
2026-02-26,26.4,26.4,-0.565,84.6
2026-03-02,26.35,26.35,-0.1894,84.25
2026-03-03,25.9,25.9,-1.7078,81.11
2026-03-04,25.0,25.0,-3.4749,74.81
2026-03-05,24.8,24.8,-0.8,73.42
2026-03-06,25.15,25.15,1.4113,75.86
2026-03-09,24.3,24.3,-3.3797,69.92
2026-03-10,24.25,24.25,-0.2058,69.57
2026-03-11,25.0,25.0,3.0928,74.81
2026-03-12,25.1,25.1,0.4,75.51
2026-03-13,24.6,24.6,-1.992,72.02
2026-03-16,24.6,24.6,0.0,72.02
2026-03-17,24.45,24.45,-0.6098,70.97
2026-03-18,24.55,24.55,0.409,71.67
2026-03-19,23.9,23.9,-2.6477,67.12
2026-03-20,23.55,23.55,-1.4644,64.68
2026-03-23,22.8,22.8,-3.1847,59.43
2026-03-24,22.55,22.55,-1.0965,57.68
2026-03-25,23.0,23.0,1.9956,60.83
2026-03-26,22.85,22.85,-0.6522,59.78
2026-03-27,22.8,22.8,-0.2188,59.43
2026-03-30,22.55,22.55,-1.0965,57.68
2026-03-31,23.0,23.0,1.9956,60.83
